"","Y","Yrecap","DL","UL","IND_ID","Period","St_occ","End_occ"
"117",NA,0,-390,130,117,1,3,4
"123",NA,0,-390,130,123,1,3,4
"124",NA,0,-310,210,124,1,3,4
"126",NA,0,-370,150,126,1,3,4
"127",NA,0,-390,130,127,1,3,4
"129",-20,1,-450,70,129,1,3,4
"131",240,1,-210,310,131,1,3,4
"134",NA,0,-430,90,134,1,3,4
"135",NA,0,-130,390,135,1,3,4
"137",NA,0,-130,390,137,1,3,4
"145",NA,0,-270,250,145,1,3,4
"151",NA,0,-130,390,151,1,3,4
"153",0,1,-450,70,153,1,3,4
"155",NA,0,-170,350,155,1,3,4
"158",NA,0,-210,310,158,1,3,4
"159",NA,0,-130,390,159,1,3,4
"160",NA,0,-70,450,160,1,3,4
"162",NA,0,-130,390,162,1,3,4
"164",NA,0,-110,410,164,1,3,4
"166",NA,0,-130,390,166,1,3,4
"169",NA,0,-130,390,169,1,3,4
"170",NA,0,-130,390,170,1,3,4
"172",NA,0,-170,350,172,1,3,4
"173",NA,0,-130,390,173,1,3,4
"175",NA,0,-90,430,175,1,3,4
"176",NA,0,-90,430,176,1,3,4
"178",NA,0,-430,90,178,1,3,4
"179",NA,0,-130,390,179,1,3,4
"180",NA,0,-130,390,180,1,3,4
"182",NA,0,-130,390,182,1,3,4
"184",NA,0,-190,330,184,1,3,4
"185",20,1,-430,90,185,1,3,4
"186",-60,1,-190,330,186,1,3,4
"187",NA,0,-450,70,187,1,3,4
"188",NA,0,-130,390,188,1,3,4
"190",NA,0,-450,70,190,1,3,4
"191",NA,0,-130,390,191,1,3,4
"192",NA,0,-350,170,192,1,3,4
"193",NA,0,-390,130,193,1,3,4
"195",NA,0,-330,190,195,1,3,4
"197",NA,0,-290,230,197,1,3,4
"198",NA,0,-310,210,198,1,3,4
"199",NA,0,-450,70,199,1,3,4
"200",NA,0,-350,170,200,1,3,4
"201",NA,0,-290,230,201,1,3,4
"203",NA,0,-430,90,203,1,3,4
"204",NA,0,-350,170,204,1,3,4
"205",NA,0,-130,390,205,1,3,4
"208",NA,0,-130,390,208,1,3,4
"210",NA,0,-190,330,210,1,3,4
"212",NA,0,-170,350,212,1,3,4
"213",NA,0,-130,390,213,1,3,4
"216",NA,0,-190,330,216,1,3,4
"607",-80,1,-210,310,607,1,3,4
"610",NA,0,-110,410,610,1,3,4
"613",NA,0,-270,250,613,1,3,4
"614",NA,0,-130,390,614,1,3,4
"616",NA,0,-130,390,616,1,3,4
"619",NA,0,-110,410,619,1,3,4
"628",NA,0,-290,230,628,1,3,4
"629",NA,0,-130,390,629,1,3,4
"633",NA,0,-130,390,633,1,3,4
"636",NA,0,-130,390,636,1,3,4
"645",NA,0,-90,430,645,1,3,4
"653",NA,0,-130,390,653,1,3,4
"656",NA,0,-390,130,656,1,3,4
"854",-160,1,-470,50,111,2,4,5
"855",-140,1,-470,50,112,2,4,5
"856",NA,0,-350,170,113,2,4,5
"858",NA,0,-350,170,115,2,4,5
"859",-140,1,-470,50,116,2,4,5
"862",NA,0,-290,230,119,2,4,5
"863",NA,0,-330,190,120,2,4,5
"865",NA,0,-370,150,122,2,4,5
"872",-160,1,-430,90,129,2,4,5
"873",NA,0,-310,210,130,2,4,5
"874",-200,1,-450,70,131,2,4,5
"876",NA,0,-470,50,133,2,4,5
"881",NA,0,-130,390,138,2,4,5
"882",NA,0,-110,410,139,2,4,5
"886",NA,0,-190,330,143,2,4,5
"887",NA,0,-250,270,144,2,4,5
"890",NA,0,-130,390,147,2,4,5
"895",NA,0,-130,390,152,2,4,5
"896",20,1,-450,70,153,2,4,5
"897",NA,0,-170,350,154,2,4,5
"900",NA,0,-270,250,157,2,4,5
"904",NA,0,-70,450,161,2,4,5
"910",NA,0,-330,190,167,2,4,5
"917",0,1,-130,390,174,2,4,5
"920",NA,0,-90,430,177,2,4,5
"924",NA,0,-130,390,181,2,4,5
"926",NA,0,-50,470,183,2,4,5
"928",NA,0,-450,70,185,2,4,5
"929",NA,0,-130,390,186,2,4,5
"937",NA,0,-290,230,194,2,4,5
"939",NA,0,-310,210,196,2,4,5
"950",0,1,-130,390,207,2,4,5
"952",NA,0,-110,410,209,2,4,5
"954",NA,0,-170,350,211,2,4,5
"958",NA,0,-190,330,215,2,4,5
"1349",NA,0,-190,330,606,2,4,5
"1350",-60,1,-130,390,607,2,4,5
"1354",NA,0,-130,390,611,2,4,5
"1358",NA,0,-110,410,615,2,4,5
"1360",NA,0,-50,470,617,2,4,5
"1363",140,1,-110,410,620,2,4,5
"1370",NA,0,-130,390,627,2,4,5
"1374",NA,0,-250,270,631,2,4,5
"1377",NA,0,-130,390,634,2,4,5
"1378",NA,0,-10,510,635,2,4,5
"1380",NA,0,-50,470,637,2,4,5
"1381",NA,0,-10,510,638,2,4,5
"1384",-40,1,-110,410,641,2,4,5
"1392",NA,0,-110,410,649,2,4,5
"1395",NA,0,-10,510,652,2,4,5
"1397",-20,1,-90,430,654,2,4,5
"1398",NA,0,-390,130,655,2,4,5
"1401",40,1,-430,90,658,2,4,5
"1412",NA,0,-430,90,669,2,4,5
"1413",NA,0,-430,90,670,2,4,5
"1414",NA,0,-330,190,671,2,4,5
"1416",NA,0,-330,190,673,2,4,5
"1417",NA,0,-250,270,674,2,4,5
"1418",NA,0,-250,270,675,2,4,5
"1420",NA,0,-250,270,677,2,4,5
"1422",NA,0,-250,270,679,2,4,5
"1423",-160,1,-430,90,680,2,4,5
"1424",NA,0,-190,330,681,2,4,5
"1426",NA,0,-290,230,683,2,4,5
"1427",NA,0,-370,150,684,2,4,5
"1429",NA,0,-250,270,686,2,4,5
"1431",NA,0,-170,350,688,2,4,5
"1433",NA,0,-110,410,690,2,4,5
"1434",NA,0,-130,390,691,2,4,5
"1435",NA,0,-130,390,692,2,4,5
"1436",NA,0,-90,430,693,2,4,5
"1437",NA,0,-90,430,694,2,4,5
"1438",NA,0,-130,390,695,2,4,5
"1439",-60,1,-130,390,696,2,4,5
"1450",NA,0,-370,150,707,2,4,5
"1452",NA,0,-390,130,709,2,4,5
"1454",NA,0,-330,190,711,2,4,5
"1597",-60,1,-310,210,111,3,5,6
"1598",0,1,-330,190,112,3,5,6
"1600",-80,1,-330,190,114,3,5,6
"1602",180,1,-330,190,116,3,5,6
"1603",NA,0,-430,90,117,3,5,6
"1604",0,1,-250,270,118,3,5,6
"1607",0,1,-330,190,121,3,5,6
"1611",0,1,-330,190,125,3,5,6
"1615",60,1,-270,250,129,3,5,6
"1617",-80,1,-250,270,131,3,5,6
"1620",20,1,-410,110,134,3,5,6
"1622",NA,0,-170,350,136,3,5,6
"1626",NA,0,-430,90,140,3,5,6
"1627",0,1,-130,390,141,3,5,6
"1628",60,1,-70,450,142,3,5,6
"1636",0,1,-130,390,150,3,5,6
"1639",0,1,-470,50,153,3,5,6
"1642",0,1,-510,10,156,3,5,6
"1649",NA,0,-70,450,163,3,5,6
"1654",NA,0,-290,230,168,3,5,6
"1657",NA,0,-430,90,171,3,5,6
"1660",0,1,-130,390,174,3,5,6
"1673",0,1,-470,50,187,3,5,6
"1675",NA,0,-130,390,189,3,5,6
"1685",NA,0,-470,50,199,3,5,6
"1693",NA,0,-130,390,207,3,5,6
"2091",NA,0,-70,450,605,3,5,6
"2093",NA,0,-70,450,607,3,5,6
"2095",80,1,-170,350,609,3,5,6
"2106",NA,0,-250,270,620,3,5,6
"2110",NA,0,-70,450,624,3,5,6
"2116",NA,0,-70,450,630,3,5,6
"2127",NA,0,-70,450,641,3,5,6
"2129",0,1,-70,450,643,3,5,6
"2130",NA,0,-70,450,644,3,5,6
"2132",-180,1,-290,230,646,3,5,6
"2140",NA,0,-70,450,654,3,5,6
"2144",0,1,-470,50,658,3,5,6
"2147",60,1,-370,150,661,3,5,6
"2154",NA,0,-290,230,668,3,5,6
"2166",-20,1,-270,250,680,3,5,6
"2168",NA,0,-170,350,682,3,5,6
"2182",NA,0,-70,450,696,3,5,6
"2196",0,1,-50,470,710,3,5,6
"2199",NA,0,-70,450,713,3,5,6
"2200",NA,0,-70,450,714,3,5,6
"2202",NA,0,-70,450,716,3,5,6
"2203",0,1,-130,390,717,3,5,6
"2204",0,1,-130,390,718,3,5,6
"2205",-40,1,-70,450,719,3,5,6
"2206",NA,0,-130,390,720,3,5,6
"2207",NA,0,-130,390,721,3,5,6
"2209",NA,0,-330,190,723,3,5,6
"2210",NA,0,-90,430,724,3,5,6
"2211",NA,0,-330,190,725,3,5,6
"2212",NA,0,-250,270,726,3,5,6
"2213",NA,0,-190,330,727,3,5,6
"2214",NA,0,-170,350,728,3,5,6
"2215",NA,0,-170,350,729,3,5,6
"2216",NA,0,-170,350,730,3,5,6
"2217",140,1,-170,350,731,3,5,6
"2218",NA,0,-170,350,732,3,5,6
"2219",NA,0,-190,330,733,3,5,6
"2221",NA,0,-250,270,735,3,5,6
"2222",-20,1,-310,210,736,3,5,6
"2223",0,1,-290,230,737,3,5,6
"2224",-100,1,-270,250,738,3,5,6
"2225",40,1,-430,90,739,3,5,6
"2226",NA,0,-170,350,740,3,5,6
"2227",60,1,-370,150,741,3,5,6
"2228",-120,1,-410,110,742,3,5,6
"2229",NA,0,-370,150,743,3,5,6
"2340",NA,0,-250,270,111,4,6,7
"2341",NA,0,-330,190,112,4,6,7
"2343",NA,0,-250,270,114,4,6,7
"2345",NA,0,-510,10,116,4,6,7
"2347",NA,0,-250,270,118,4,6,7
"2350",NA,0,-330,190,121,4,6,7
"2352",-100,1,-430,90,123,4,6,7
"2353",NA,0,-330,190,124,4,6,7
"2354",NA,0,-330,190,125,4,6,7
"2358",180,1,-330,190,129,4,6,7
"2360",NA,0,-170,350,131,4,6,7
"2362",NA,0,-510,10,133,4,6,7
"2363",NA,0,-430,90,134,4,6,7
"2370",NA,0,-130,390,141,4,6,7
"2371",0,1,-130,390,142,4,6,7
"2374",-80,1,-250,270,145,4,6,7
"2375",NA,0,-310,210,146,4,6,7
"2376",0,1,-130,390,147,4,6,7
"2379",NA,0,-130,390,150,4,6,7
"2382",NA,0,-470,50,153,4,6,7
"2385",NA,0,-510,10,156,4,6,7
"2401",NA,0,-190,330,172,4,6,7
"2403",NA,0,-130,390,174,4,6,7
"2410",0,1,-130,390,181,4,6,7
"2413",NA,0,-190,330,184,4,6,7
"2414",0,1,-470,50,185,4,6,7
"2415",NA,0,-250,270,186,4,6,7
"2416",NA,0,-470,50,187,4,6,7
"2419",NA,0,-510,10,190,4,6,7
"2421",NA,0,-430,90,192,4,6,7
"2424",NA,0,-250,270,195,4,6,7
"2426",NA,0,-310,210,197,4,6,7
"2427",NA,0,-250,270,198,4,6,7
"2433",NA,0,-370,150,204,4,6,7
"2443",NA,0,-110,410,214,4,6,7
"2445",NA,0,-250,270,216,4,6,7
"2838",NA,0,-250,270,609,4,6,7
"2847",NA,0,-310,210,618,4,6,7
"2851",NA,0,-250,270,622,4,6,7
"2852",NA,0,-250,270,623,4,6,7
"2854",NA,0,-410,110,625,4,6,7
"2856",0,1,-130,390,627,4,6,7
"2861",40,1,-470,50,632,4,6,7
"2864",NA,0,-10,510,635,4,6,7
"2866",NA,0,-50,470,637,4,6,7
"2867",-20,1,-190,330,638,4,6,7
"2872",0,1,-70,450,643,4,6,7
"2875",NA,0,-110,410,646,4,6,7
"2876",NA,0,-110,410,647,4,6,7
"2881",NA,0,-30,490,652,4,6,7
"2887",40,1,-470,50,658,4,6,7
"2890",NA,0,-430,90,661,4,6,7
"2891",NA,0,-130,390,662,4,6,7
"2892",0,1,-170,350,663,4,6,7
"2893",NA,0,-70,450,664,4,6,7
"2895",0,1,-330,190,666,4,6,7
"2896",NA,0,-90,430,667,4,6,7
"2898",NA,0,-410,110,669,4,6,7
"2901",NA,0,-110,410,672,4,6,7
"2905",NA,0,-250,270,676,4,6,7
"2909",NA,0,-250,270,680,4,6,7
"2916",NA,0,-250,270,687,4,6,7
"2918",NA,0,-190,330,689,4,6,7
"2924",0,1,-130,390,695,4,6,7
"2926",NA,0,-510,10,697,4,6,7
"2927",320,1,-190,330,698,4,6,7
"2928",NA,0,-250,270,699,4,6,7
"2929",NA,0,-250,270,700,4,6,7
"2930",NA,0,-290,230,701,4,6,7
"2931",NA,0,-190,330,702,4,6,7
"2932",NA,0,-330,190,703,4,6,7
"2934",NA,0,-170,350,705,4,6,7
"2935",-40,1,-170,350,706,4,6,7
"2939",NA,0,-50,470,710,4,6,7
"2941",NA,0,-410,110,712,4,6,7
"2946",NA,0,-130,390,717,4,6,7
"2947",NA,0,-130,390,718,4,6,7
"2948",NA,0,-30,490,719,4,6,7
"2960",NA,0,-310,210,731,4,6,7
"2963",NA,0,-430,90,734,4,6,7
"2965",NA,0,-290,230,736,4,6,7
"2966",NA,0,-290,230,737,4,6,7
"2967",NA,0,-170,350,738,4,6,7
"2968",NA,0,-470,50,739,4,6,7
"2970",NA,0,-430,90,741,4,6,7
"2971",NA,0,-290,230,742,4,6,7
"3095",40,1,-330,190,123,5,7,8
"3101",-60,1,-510,10,129,5,7,8
"3114",NA,0,-130,390,142,5,7,8
"3117",NA,0,-170,350,145,5,7,8
"3119",NA,0,-130,390,147,5,7,8
"3121",NA,0,-70,450,149,5,7,8
"3133",NA,0,-110,410,161,5,7,8
"3135",NA,0,-50,470,163,5,7,8
"3137",NA,0,-90,430,165,5,7,8
"3153",0,1,-130,390,181,5,7,8
"3157",NA,0,-470,50,185,5,7,8
"3173",NA,0,-290,230,201,5,7,8
"3179",NA,0,-130,390,207,5,7,8
"3216",NA,0,-170,350,244,5,7,8
"3217",NA,0,-150,370,245,5,7,8
"3218",220,1,-170,350,246,5,7,8
"3219",20,1,-150,370,247,5,7,8
"3220",NA,0,-150,370,248,5,7,8
"3221",NA,0,-270,250,249,5,7,8
"3222",NA,0,-290,230,250,5,7,8
"3223",0,1,-170,350,251,5,7,8
"3224",20,1,-150,370,252,5,7,8
"3225",20,1,-150,370,253,5,7,8
"3226",100,1,-370,150,254,5,7,8
"3227",NA,0,-430,90,255,5,7,8
"3228",20,1,-370,150,256,5,7,8
"3229",0,1,-450,70,257,5,7,8
"3231",-40,1,-370,150,259,5,7,8
"3232",NA,0,-390,130,260,5,7,8
"3234",NA,0,-330,190,262,5,7,8
"3235",NA,0,-410,110,263,5,7,8
"3236",40,1,-430,90,264,5,7,8
"3237",NA,0,-410,110,265,5,7,8
"3238",NA,0,-370,150,266,5,7,8
"3239",NA,0,-330,190,267,5,7,8
"3240",NA,0,-430,90,268,5,7,8
"3241",NA,0,-430,90,269,5,7,8
"3242",-20,1,-330,190,270,5,7,8
"3243",NA,0,-370,150,271,5,7,8
"3244",NA,0,-330,190,272,5,7,8
"3245",NA,0,-430,90,273,5,7,8
"3246",NA,0,-430,90,274,5,7,8
"3247",NA,0,-330,190,275,5,7,8
"3248",NA,0,-370,150,276,5,7,8
"3249",0,1,-350,170,277,5,7,8
"3324",NA,0,-250,270,352,5,7,8
"3326",0,1,-90,430,354,5,7,8
"3328",NA,0,-70,450,356,5,7,8
"3329",NA,0,-130,390,357,5,7,8
"3330",NA,0,-70,450,358,5,7,8
"3331",NA,0,-70,450,359,5,7,8
"3332",NA,0,-270,250,360,5,7,8
"3334",0,1,-130,390,362,5,7,8
"3335",0,1,-130,390,363,5,7,8
"3336",NA,0,-70,450,364,5,7,8
"3337",NA,0,-130,390,365,5,7,8
"3338",-20,1,-310,210,366,5,7,8
"3339",NA,0,-110,410,367,5,7,8
"3340",NA,0,-90,430,368,5,7,8
"3341",NA,0,-130,390,369,5,7,8
"3342",NA,0,-270,250,370,5,7,8
"3343",NA,0,-110,410,371,5,7,8
"3344",NA,0,-130,390,372,5,7,8
"3345",NA,0,-270,250,373,5,7,8
"3346",0,1,-130,390,374,5,7,8
"3347",NA,0,-90,430,375,5,7,8
"3348",NA,0,-70,450,376,5,7,8
"3349",NA,0,-130,390,377,5,7,8
"3350",NA,0,-130,390,378,5,7,8
"3351",NA,0,-250,270,379,5,7,8
"3352",NA,0,-130,390,380,5,7,8
"3353",NA,0,-130,390,381,5,7,8
"3354",NA,0,-110,410,382,5,7,8
"3355",NA,0,-90,430,383,5,7,8
"3356",NA,0,-90,430,384,5,7,8
"3357",NA,0,-70,450,385,5,7,8
"3579",NA,0,-70,450,607,5,7,8
"3592",-20,1,-110,410,620,5,7,8
"3593",NA,0,-130,390,621,5,7,8
"3596",NA,0,-70,450,624,5,7,8
"3599",NA,0,-130,390,627,5,7,8
"3604",NA,0,-510,10,632,5,7,8
"3610",NA,0,-170,350,638,5,7,8
"3612",0,1,-130,390,640,5,7,8
"3615",NA,0,-70,450,643,5,7,8
"3623",NA,0,-110,410,651,5,7,8
"3626",NA,0,-70,450,654,5,7,8
"3630",NA,0,-510,10,658,5,7,8
"3635",NA,0,-170,350,663,5,7,8
"3638",NA,0,-330,190,666,5,7,8
"3650",NA,0,-250,270,678,5,7,8
"3657",60,1,-70,450,685,5,7,8
"3667",NA,0,-130,390,695,5,7,8
"3668",60,1,-70,450,696,5,7,8
"3670",NA,0,-510,10,698,5,7,8
"3678",0,1,-130,390,706,5,7,8
"3680",NA,0,-510,10,708,5,7,8
"3686",NA,0,-70,450,714,5,7,8
"3692",NA,0,-270,250,720,5,7,8
"3693",NA,0,-130,390,721,5,7,8
"3695",-60,1,-370,150,723,5,7,8
"3707",20,1,-430,90,735,5,7,8
"3838",NA,0,-370,150,123,6,8,9
"3844",0,1,-450,70,129,6,8,9
"3883",NA,0,-310,210,168,6,8,9
"3896",0,1,-130,390,181,6,8,9
"3932",NA,0,-210,310,217,6,8,9
"3935",NA,0,-270,250,220,6,8,9
"3936",NA,0,-270,250,221,6,8,9
"3937",NA,0,-230,290,222,6,8,9
"3938",NA,0,-170,350,223,6,8,9
"3939",180,1,-250,270,224,6,8,9
"3940",-80,1,-170,350,225,6,8,9
"3942",NA,0,-210,310,227,6,8,9
"3943",-40,1,-210,310,228,6,8,9
"3945",NA,0,-230,290,230,6,8,9
"3947",NA,0,-110,410,232,6,8,9
"3948",NA,0,-230,290,233,6,8,9
"3949",NA,0,-210,310,234,6,8,9
"3950",NA,0,-190,330,235,6,8,9
"3951",NA,0,-270,250,236,6,8,9
"3952",NA,0,-190,330,237,6,8,9
"3954",NA,0,-210,310,239,6,8,9
"3955",NA,0,-170,350,240,6,8,9
"3956",0,1,-90,430,241,6,8,9
"3957",NA,0,-170,350,242,6,8,9
"3958",NA,0,-230,290,243,6,8,9
"3961",NA,0,-390,130,246,6,8,9
"3962",NA,0,-170,350,247,6,8,9
"3966",NA,0,-170,350,251,6,8,9
"3967",NA,0,-170,350,252,6,8,9
"3968",NA,0,-170,350,253,6,8,9
"3969",NA,0,-470,50,254,6,8,9
"3971",NA,0,-390,130,256,6,8,9
"3972",0,1,-450,70,257,6,8,9
"3974",NA,0,-330,190,259,6,8,9
"3979",NA,0,-470,50,264,6,8,9
"3985",NA,0,-310,210,270,6,8,9
"3992",NA,0,-350,170,277,6,8,9
"3993",NA,0,-350,170,278,6,8,9
"3994",NA,0,-370,150,279,6,8,9
"3995",40,1,-90,430,280,6,8,9
"3996",-20,1,-110,410,281,6,8,9
"3997",NA,0,-430,90,282,6,8,9
"3998",NA,0,-370,150,283,6,8,9
"3999",NA,0,-110,410,284,6,8,9
"4001",NA,0,-90,430,286,6,8,9
"4002",NA,0,-90,430,287,6,8,9
"4003",0,1,-430,90,288,6,8,9
"4004",NA,0,-130,390,289,6,8,9
"4005",NA,0,-410,110,290,6,8,9
"4006",NA,0,-350,170,291,6,8,9
"4007",0,1,-90,430,292,6,8,9
"4008",NA,0,-110,410,293,6,8,9
"4009",NA,0,-410,110,294,6,8,9
"4010",NA,0,-110,410,295,6,8,9
"4011",NA,0,-90,430,296,6,8,9
"4012",NA,0,-410,110,297,6,8,9
"4013",NA,0,-90,430,298,6,8,9
"4014",NA,0,-430,90,299,6,8,9
"4015",0,1,-110,410,300,6,8,9
"4016",-20,1,-110,410,301,6,8,9
"4017",NA,0,-450,70,302,6,8,9
"4018",NA,0,-110,410,303,6,8,9
"4019",NA,0,-70,450,304,6,8,9
"4020",NA,0,-430,90,305,6,8,9
"4021",NA,0,-510,10,306,6,8,9
"4022",NA,0,-130,390,307,6,8,9
"4023",20,1,-110,410,308,6,8,9
"4024",0,1,-90,430,309,6,8,9
"4025",NA,0,-370,150,310,6,8,9
"4026",NA,0,-110,410,311,6,8,9
"4027",NA,0,-130,390,312,6,8,9
"4029",-60,1,-110,410,314,6,8,9
"4030",NA,0,-430,90,315,6,8,9
"4031",0,1,-90,430,316,6,8,9
"4032",NA,0,-110,410,317,6,8,9
"4033",NA,0,-310,210,318,6,8,9
"4034",NA,0,-290,230,319,6,8,9
"4035",NA,0,-330,190,320,6,8,9
"4036",NA,0,-290,230,321,6,8,9
"4037",NA,0,-250,270,322,6,8,9
"4038",NA,0,-430,90,323,6,8,9
"4039",NA,0,-310,210,324,6,8,9
"4040",NA,0,-330,190,325,6,8,9
"4041",0,1,-450,70,326,6,8,9
"4042",NA,0,-430,90,327,6,8,9
"4043",0,1,-390,130,328,6,8,9
"4044",NA,0,-110,410,329,6,8,9
"4045",NA,0,-290,230,330,6,8,9
"4046",NA,0,-330,190,331,6,8,9
"4048",NA,0,-70,450,333,6,8,9
"4049",NA,0,-310,210,334,6,8,9
"4051",20,1,-430,90,336,6,8,9
"4052",NA,0,-330,190,337,6,8,9
"4053",NA,0,-310,210,338,6,8,9
"4055",NA,0,-130,390,340,6,8,9
"4057",NA,0,-330,190,342,6,8,9
"4058",0,1,-270,250,343,6,8,9
"4059",NA,0,-330,190,344,6,8,9
"4061",NA,0,-330,190,346,6,8,9
"4062",0,1,-350,170,347,6,8,9
"4063",NA,0,-330,190,348,6,8,9
"4064",-80,1,-250,270,349,6,8,9
"4066",-20,1,-110,410,351,6,8,9
"4069",NA,0,-90,430,354,6,8,9
"4077",0,1,-130,390,362,6,8,9
"4078",NA,0,-130,390,363,6,8,9
"4081",NA,0,-290,230,366,6,8,9
"4089",0,1,-130,390,374,6,8,9
"4101",NA,0,-110,410,386,6,8,9
"4102",NA,0,-130,390,387,6,8,9
"4103",NA,0,-130,390,388,6,8,9
"4105",-40,1,-130,390,390,6,8,9
"4106",NA,0,-130,390,391,6,8,9
"4107",-40,1,-130,390,392,6,8,9
"4108",NA,0,-130,390,393,6,8,9
"4109",NA,0,-130,390,394,6,8,9
"4110",NA,0,-130,390,395,6,8,9
"4112",NA,0,-130,390,397,6,8,9
"4113",NA,0,-130,390,398,6,8,9
"4114",NA,0,-130,390,399,6,8,9
"4115",NA,0,-130,390,400,6,8,9
"4116",0,1,-110,410,401,6,8,9
"4117",NA,0,-130,390,402,6,8,9
"4118",-20,1,-110,410,403,6,8,9
"4119",NA,0,-130,390,404,6,8,9
"4120",NA,0,-110,410,405,6,8,9
"4121",0,1,-130,390,406,6,8,9
"4122",NA,0,-130,390,407,6,8,9
"4123",NA,0,-110,410,408,6,8,9
"4125",NA,0,-130,390,410,6,8,9
"4327",NA,0,-130,390,612,6,8,9
"4335",NA,0,-90,430,620,6,8,9
"4355",0,1,-130,390,640,6,8,9
"4375",NA,0,-290,230,660,6,8,9
"4400",0,1,-130,390,685,6,8,9
"4411",NA,0,-130,390,696,6,8,9
"4421",NA,0,-130,390,706,6,8,9
"4427",NA,0,-330,190,712,6,8,9
"4438",NA,0,-310,210,723,6,8,9
"4450",NA,0,-450,70,735,6,8,9
"4458",0,1,-450,70,743,6,8,9
"4572",NA,0,-130,390,114,7,9,10
"4587",NA,0,-450,70,129,7,9,10
"4605",NA,0,-130,390,147,7,9,10
"4621",NA,0,-130,390,163,7,9,10
"4639",NA,0,-130,390,181,7,9,10
"4643",NA,0,-430,90,185,7,9,10
"4677",60,1,-250,270,219,7,9,10
"4682",NA,0,-430,90,224,7,9,10
"4683",NA,0,-90,430,225,7,9,10
"4686",NA,0,-170,350,228,7,9,10
"4699",NA,0,-90,430,241,7,9,10
"4703",NA,0,-510,10,245,7,9,10
"4713",NA,0,-430,90,255,7,9,10
"4715",NA,0,-450,70,257,7,9,10
"4718",NA,0,-410,110,260,7,9,10
"4724",0,1,-370,150,266,7,9,10
"4738",NA,0,-130,390,280,7,9,10
"4739",NA,0,-90,430,281,7,9,10
"4746",NA,0,-430,90,288,7,9,10
"4750",0,1,-90,430,292,7,9,10
"4758",0,1,-110,410,300,7,9,10
"4759",0,1,-90,430,301,7,9,10
"4766",NA,0,-130,390,308,7,9,10
"4767",NA,0,-90,430,309,7,9,10
"4772",NA,0,-50,470,314,7,9,10
"4774",0,1,-90,430,316,7,9,10
"4784",NA,0,-450,70,326,7,9,10
"4786",NA,0,-390,130,328,7,9,10
"4794",NA,0,-450,70,336,7,9,10
"4801",NA,0,-270,250,343,7,9,10
"4805",-20,1,-350,170,347,7,9,10
"4807",0,1,-170,350,349,7,9,10
"4808",NA,0,-330,190,350,7,9,10
"4809",NA,0,-90,430,351,7,9,10
"4820",NA,0,-130,390,362,7,9,10
"4823",NA,0,-130,390,365,7,9,10
"4829",NA,0,-90,430,371,7,9,10
"4832",NA,0,-130,390,374,7,9,10
"4848",0,1,-90,430,390,7,9,10
"4850",0,1,-90,430,392,7,9,10
"4854",NA,0,-270,250,396,7,9,10
"4859",0,1,-110,410,401,7,9,10
"4861",NA,0,-90,430,403,7,9,10
"4864",NA,0,-130,390,406,7,9,10
"4869",NA,0,-310,210,411,7,9,10
"4870",NA,0,-70,450,412,7,9,10
"4871",NA,0,-450,70,413,7,9,10
"4873",NA,0,-350,170,415,7,9,10
"4874",NA,0,-70,450,416,7,9,10
"4875",0,1,-450,70,417,7,9,10
"4876",NA,0,-330,190,418,7,9,10
"4877",NA,0,-310,210,419,7,9,10
"4878",NA,0,-450,70,420,7,9,10
"4879",NA,0,-410,110,421,7,9,10
"4881",0,1,-390,130,423,7,9,10
"4883",60,1,-350,170,425,7,9,10
"4885",NA,0,-350,170,427,7,9,10
"4886",0,1,-370,150,428,7,9,10
"4887",NA,0,-430,90,429,7,9,10
"4888",NA,0,-450,70,430,7,9,10
"4889",NA,0,-410,110,431,7,9,10
"4891",NA,0,-130,390,433,7,9,10
"4892",NA,0,-130,390,434,7,9,10
"4893",NA,0,-130,390,435,7,9,10
"4894",NA,0,-170,350,436,7,9,10
"4895",NA,0,-190,330,437,7,9,10
"4896",0,1,-130,390,438,7,9,10
"4898",NA,0,-130,390,440,7,9,10
"4899",NA,0,-170,350,441,7,9,10
"4900",NA,0,-170,350,442,7,9,10
"4902",NA,0,-170,350,444,7,9,10
"4903",20,1,-150,370,445,7,9,10
"4904",NA,0,-170,350,446,7,9,10
"4906",NA,0,-130,390,448,7,9,10
"4992",NA,0,-130,390,534,7,9,10
"4993",NA,0,-130,390,535,7,9,10
"4994",NA,0,-90,430,536,7,9,10
"4995",NA,0,-130,390,537,7,9,10
"4997",NA,0,-130,390,539,7,9,10
"4998",NA,0,-130,390,540,7,9,10
"4999",NA,0,-130,390,541,7,9,10
"5000",0,1,-90,430,542,7,9,10
"5001",NA,0,-90,430,543,7,9,10
"5002",NA,0,-90,430,544,7,9,10
"5003",NA,0,-130,390,545,7,9,10
"5005",NA,0,-130,390,547,7,9,10
"5006",NA,0,-90,430,548,7,9,10
"5007",NA,0,-130,390,549,7,9,10
"5008",NA,0,-90,430,550,7,9,10
"5009",0,1,-90,430,551,7,9,10
"5010",20,1,-230,290,552,7,9,10
"5011",0,1,-90,430,553,7,9,10
"5012",NA,0,-90,430,554,7,9,10
"5013",NA,0,-110,410,555,7,9,10
"5014",NA,0,-130,390,556,7,9,10
"5016",NA,0,-130,390,558,7,9,10
"5018",NA,0,-290,230,560,7,9,10
"5019",NA,0,-290,230,561,7,9,10
"5020",0,1,-270,250,562,7,9,10
"5066",NA,0,-130,390,608,7,9,10
"5085",NA,0,-130,390,627,7,9,10
"5088",NA,0,-130,390,630,7,9,10
"5093",NA,0,-130,390,635,7,9,10
"5098",0,1,-130,390,640,7,9,10
"5107",NA,0,-130,390,649,7,9,10
"5112",NA,0,-110,410,654,7,9,10
"5124",NA,0,-450,70,666,7,9,10
"5140",NA,0,-450,70,682,7,9,10
"5143",NA,0,-130,390,685,7,9,10
"5152",NA,0,-90,430,694,7,9,10
"5156",0,1,-410,110,698,7,9,10
"5201",NA,0,-450,70,743,7,9,10
"5350",NA,0,-310,210,149,8,10,11
"5366",NA,0,-130,390,165,8,10,11
"5369",NA,0,-110,410,168,8,10,11
"5373",NA,0,-390,130,172,8,10,11
"5420",NA,0,-310,210,219,8,10,11
"5431",NA,0,-290,230,230,8,10,11
"5435",NA,0,-470,50,234,8,10,11
"5453",NA,0,-510,10,252,8,10,11
"5467",NA,0,-370,150,266,8,10,11
"5493",NA,0,-90,430,292,8,10,11
"5494",NA,0,-430,90,293,8,10,11
"5495",NA,0,-410,110,294,8,10,11
"5501",NA,0,-110,410,300,8,10,11
"5502",NA,0,-90,430,301,8,10,11
"5512",NA,0,-450,70,311,8,10,11
"5517",NA,0,-90,430,316,8,10,11
"5518",NA,0,-110,410,317,8,10,11
"5520",NA,0,-330,190,319,8,10,11
"5524",NA,0,-430,90,323,8,10,11
"5528",0,1,-430,90,327,8,10,11
"5535",NA,0,-290,230,334,8,10,11
"5538",20,1,-410,110,337,8,10,11
"5543",NA,0,-330,190,342,8,10,11
"5547",NA,0,-330,190,346,8,10,11
"5548",NA,0,-330,190,347,8,10,11
"5550",NA,0,-170,350,349,8,10,11
"5557",NA,0,-270,250,356,8,10,11
"5560",NA,0,-70,450,359,8,10,11
"5580",NA,0,-270,250,379,8,10,11
"5585",NA,0,-90,430,384,8,10,11
"5586",NA,0,-130,390,385,8,10,11
"5588",NA,0,-130,390,387,8,10,11
"5591",NA,0,-90,430,390,8,10,11
"5593",NA,0,-90,430,392,8,10,11
"5595",NA,0,-130,390,394,8,10,11
"5596",NA,0,-130,390,395,8,10,11
"5602",NA,0,-110,410,401,8,10,11
"5618",NA,0,-450,70,417,8,10,11
"5624",NA,0,-390,130,423,8,10,11
"5626",0,1,-410,110,425,8,10,11
"5629",NA,0,-370,150,428,8,10,11
"5639",NA,0,-130,390,438,8,10,11
"5646",NA,0,-170,350,445,8,10,11
"5650",NA,0,-230,290,449,8,10,11
"5652",0,1,-450,70,451,8,10,11
"5653",NA,0,-350,170,452,8,10,11
"5654",NA,0,-450,70,453,8,10,11
"5655",NA,0,-270,250,454,8,10,11
"5656",NA,0,-210,310,455,8,10,11
"5657",NA,0,-450,70,456,8,10,11
"5658",NA,0,-450,70,457,8,10,11
"5659",NA,0,-450,70,458,8,10,11
"5660",NA,0,-450,70,459,8,10,11
"5661",NA,0,-270,250,460,8,10,11
"5743",NA,0,-90,430,542,8,10,11
"5752",NA,0,-90,430,551,8,10,11
"5753",NA,0,-250,270,552,8,10,11
"5754",NA,0,-90,430,553,8,10,11
"5763",NA,0,-270,250,562,8,10,11
"5764",NA,0,-90,430,563,8,10,11
"5765",NA,0,-90,430,564,8,10,11
"5767",NA,0,-70,450,566,8,10,11
"5769",NA,0,-350,170,568,8,10,11
"5770",NA,0,-90,430,569,8,10,11
"5772",NA,0,-70,450,571,8,10,11
"5773",NA,0,-110,410,572,8,10,11
"5774",NA,0,-130,390,573,8,10,11
"5776",NA,0,-130,390,575,8,10,11
"5777",NA,0,-110,410,576,8,10,11
"5778",NA,0,-130,390,577,8,10,11
"5779",NA,0,-310,210,578,8,10,11
"5780",NA,0,-130,390,579,8,10,11
"5781",NA,0,-130,390,580,8,10,11
"5782",NA,0,-90,430,581,8,10,11
"5783",NA,0,-110,410,582,8,10,11
"5784",NA,0,-110,410,583,8,10,11
"5785",NA,0,-130,390,584,8,10,11
"5786",NA,0,-130,390,585,8,10,11
"5788",NA,0,-170,350,587,8,10,11
"5790",NA,0,-290,230,589,8,10,11
"5792",NA,0,-110,410,591,8,10,11
"5793",NA,0,-130,390,592,8,10,11
"5796",NA,0,-110,410,595,8,10,11
"5798",NA,0,-70,450,597,8,10,11
"5799",NA,0,-110,410,598,8,10,11
"5800",NA,0,-110,410,599,8,10,11
"5801",NA,0,-130,390,600,8,10,11
"5802",NA,0,-170,350,601,8,10,11
"5804",NA,0,-130,390,603,8,10,11
"5805",NA,0,-110,410,604,8,10,11
"5841",NA,0,-130,390,640,8,10,11
"5844",NA,0,-70,450,643,8,10,11
"5899",NA,0,-410,110,698,8,10,11
"5914",NA,0,-130,390,713,8,10,11
"6057",NA,0,-290,230,113,9,11,12
"6066",NA,0,-330,190,122,9,11,12
"6072",NA,0,-270,250,128,9,11,12
"6076",NA,0,-170,350,132,9,11,12
"6092",NA,0,-170,350,148,9,11,12
"6104",NA,0,-110,410,160,9,11,12
"6106",NA,0,-290,230,162,9,11,12
"6123",NA,0,-30,490,179,9,11,12
"6124",NA,0,-130,390,180,9,11,12
"6129",40,1,-470,50,185,9,11,12
"6146",NA,0,-230,290,202,9,11,12
"6150",NA,0,-130,390,206,9,11,12
"6162",NA,0,-290,230,218,9,11,12
"6164",NA,0,-510,10,220,9,11,12
"6168",NA,0,-430,90,224,9,11,12
"6170",NA,0,-10,510,226,9,11,12
"6173",NA,0,-290,230,229,9,11,12
"6175",NA,0,-110,410,231,9,11,12
"6182",NA,0,-250,270,238,9,11,12
"6202",NA,0,-370,150,258,9,11,12
"6204",0,1,-410,110,260,9,11,12
"6205",NA,0,-350,170,261,9,11,12
"6227",NA,0,-410,110,283,9,11,12
"6229",NA,0,-110,410,285,9,11,12
"6232",NA,0,-430,90,288,9,11,12
"6241",0,1,-430,90,297,9,11,12
"6257",NA,0,-50,470,313,9,11,12
"6271",NA,0,-430,90,327,9,11,12
"6276",NA,0,-10,510,332,9,11,12
"6279",NA,0,-250,270,335,9,11,12
"6281",NA,0,-430,90,337,9,11,12
"6283",NA,0,-130,390,339,9,11,12
"6285",NA,0,-330,190,341,9,11,12
"6289",NA,0,-290,230,345,9,11,12
"6297",NA,0,-170,350,353,9,11,12
"6299",NA,0,-170,350,355,9,11,12
"6305",NA,0,-110,410,361,9,11,12
"6333",NA,0,-90,430,389,9,11,12
"6353",NA,0,-130,390,409,9,11,12
"6358",NA,0,-370,150,414,9,11,12
"6365",NA,0,-430,90,421,9,11,12
"6366",NA,0,-370,150,422,9,11,12
"6368",NA,0,-370,150,424,9,11,12
"6369",40,1,-410,110,425,9,11,12
"6370",NA,0,-370,150,426,9,11,12
"6371",NA,0,-410,110,427,9,11,12
"6373",NA,0,-430,90,429,9,11,12
"6376",NA,0,-30,490,432,9,11,12
"6383",NA,0,-130,390,439,9,11,12
"6387",NA,0,-170,350,443,9,11,12
"6391",NA,0,-130,390,447,9,11,12
"6394",NA,0,-350,170,450,9,11,12
"6395",NA,0,-450,70,451,9,11,12
"6405",NA,0,-350,170,461,9,11,12
"6406",NA,0,-190,330,462,9,11,12
"6408",NA,0,-130,390,464,9,11,12
"6410",NA,0,-130,390,466,9,11,12
"6412",NA,0,-130,390,468,9,11,12
"6414",NA,0,-110,410,470,9,11,12
"6415",NA,0,-110,410,471,9,11,12
"6416",NA,0,-150,370,472,9,11,12
"6418",NA,0,-230,290,474,9,11,12
"6420",NA,0,-130,390,476,9,11,12
"6422",NA,0,-70,450,478,9,11,12
"6424",NA,0,-130,390,480,9,11,12
"6425",NA,0,-110,410,481,9,11,12
"6427",NA,0,-70,450,483,9,11,12
"6428",NA,0,-170,350,484,9,11,12
"6429",NA,0,-130,390,485,9,11,12
"6430",NA,0,-230,290,486,9,11,12
"6432",NA,0,-170,350,488,9,11,12
"6433",NA,0,-330,190,489,9,11,12
"6435",NA,0,-110,410,491,9,11,12
"6437",NA,0,-170,350,493,9,11,12
"6439",NA,0,-130,390,495,9,11,12
"6441",NA,0,-230,290,497,9,11,12
"6443",NA,0,-130,390,499,9,11,12
"6444",NA,0,-170,350,500,9,11,12
"6446",NA,0,-290,230,502,9,11,12
"6447",NA,0,-430,90,503,9,11,12
"6448",NA,0,-250,270,504,9,11,12
"6449",NA,0,-250,270,505,9,11,12
"6451",NA,0,-410,110,507,9,11,12
"6452",NA,0,-430,90,508,9,11,12
"6453",NA,0,-290,230,509,9,11,12
"6455",-80,1,-450,70,511,9,11,12
"6456",NA,0,-290,230,512,9,11,12
"6458",NA,0,-290,230,514,9,11,12
"6460",NA,0,-290,230,516,9,11,12
"6462",NA,0,-410,110,518,9,11,12
"6463",NA,0,-370,150,519,9,11,12
"6465",NA,0,-310,210,521,9,11,12
"6467",NA,0,-330,190,523,9,11,12
"6469",NA,0,-250,270,525,9,11,12
"6470",20,1,-450,70,526,9,11,12
"6471",NA,0,-250,270,527,9,11,12
"6472",NA,0,-290,230,528,9,11,12
"6474",NA,0,-270,250,530,9,11,12
"6475",20,1,-430,90,531,9,11,12
"6476",NA,0,-330,190,532,9,11,12
"6482",NA,0,-270,250,538,9,11,12
"6490",NA,0,-130,390,546,9,11,12
"6501",NA,0,-130,390,557,9,11,12
"6503",NA,0,-290,230,559,9,11,12
"6509",NA,0,-90,430,565,9,11,12
"6511",NA,0,-330,190,567,9,11,12
"6514",NA,0,-90,430,570,9,11,12
"6518",NA,0,-130,390,574,9,11,12
"6530",NA,0,-190,330,586,9,11,12
"6532",NA,0,-290,230,588,9,11,12
"6534",NA,0,-130,390,590,9,11,12
"6537",NA,0,-90,430,593,9,11,12
"6540",NA,0,-90,430,596,9,11,12
"6546",NA,0,-50,470,602,9,11,12
"6550",NA,0,-170,350,606,9,11,12
"6570",NA,0,-130,390,626,9,11,12
"6576",NA,0,-510,10,632,9,11,12
"6583",NA,0,-130,390,639,9,11,12
"6586",NA,0,-170,350,642,9,11,12
"6592",NA,0,-70,450,648,9,11,12
"6594",NA,0,-170,350,650,9,11,12
"6597",NA,0,-110,410,653,9,11,12
"6601",NA,0,-330,190,657,9,11,12
"6603",NA,0,-310,210,659,9,11,12
"6609",NA,0,-350,170,665,9,11,12
"6610",NA,0,-470,50,666,9,11,12
"6621",NA,0,-250,270,677,9,11,12
"6648",NA,0,-230,290,704,9,11,12
"6652",NA,0,-510,10,708,9,11,12
"6659",NA,0,-170,350,715,9,11,12
"6666",NA,0,-350,170,722,9,11,12
"6720",NA,0,-430,90,33,10,12,13
"6721",NA,0,-410,110,34,10,12,13
"6722",NA,0,-330,190,35,10,12,13
"6723",0,1,-170,350,36,10,12,13
"6724",NA,0,-230,290,37,10,12,13
"6725",NA,0,-450,70,38,10,12,13
"6726",0,1,-370,150,39,10,12,13
"6728",20,1,-190,330,41,10,12,13
"6729",NA,0,-250,270,42,10,12,13
"6730",NA,0,-90,430,43,10,12,13
"6731",NA,0,-110,410,44,10,12,13
"6732",20,1,-170,350,45,10,12,13
"6733",-40,1,-370,150,46,10,12,13
"6734",NA,0,-70,450,47,10,12,13
"6735",-20,1,-270,250,48,10,12,13
"6736",20,1,-70,450,49,10,12,13
"6737",NA,0,-130,390,50,10,12,13
"6738",20,1,-430,90,51,10,12,13
"6739",NA,0,-70,450,52,10,12,13
"6740",20,1,-370,150,53,10,12,13
"6741",-20,1,-190,330,54,10,12,13
"6742",NA,0,-90,430,55,10,12,13
"6743",NA,0,-90,430,56,10,12,13
"6744",20,1,-70,450,57,10,12,13
"6745",NA,0,-90,430,58,10,12,13
"6746",NA,0,-130,390,59,10,12,13
"6747",NA,0,-70,450,60,10,12,13
"6748",-20,1,-170,350,61,10,12,13
"6749",NA,0,-170,350,62,10,12,13
"6750",0,1,-130,390,63,10,12,13
"6751",NA,0,-130,390,64,10,12,13
"6752",NA,0,-510,10,65,10,12,13
"6753",-20,1,-190,330,66,10,12,13
"6754",0,1,-110,410,67,10,12,13
"6755",NA,0,-390,130,68,10,12,13
"6756",NA,0,-250,270,69,10,12,13
"6757",0,1,-330,190,70,10,12,13
"6758",NA,0,-250,270,71,10,12,13
"6759",20,1,-170,350,72,10,12,13
"6760",NA,0,-370,150,73,10,12,13
"6810",20,1,-330,190,123,10,12,13
"6820",NA,0,-170,350,133,10,12,13
"6834",0,1,-130,390,147,10,12,13
"6836",-40,1,-170,350,149,10,12,13
"6850",NA,0,-50,470,163,10,12,13
"6855",40,1,-150,370,168,10,12,13
"6859",NA,0,-330,190,172,10,12,13
"6865",NA,0,-510,10,178,10,12,13
"6868",0,1,-130,390,181,10,12,13
"6872",-60,1,-510,10,185,10,12,13
"6904",40,1,-210,310,217,10,12,13
"6906",NA,0,-290,230,219,10,12,13
"6919",NA,0,-110,410,232,10,12,13
"6924",NA,0,-170,350,237,10,12,13
"6926",0,1,-250,270,239,10,12,13
"6930",NA,0,-250,270,243,10,12,13
"6937",80,1,-350,170,250,10,12,13
"6941",NA,0,-430,90,254,10,12,13
"6947",NA,0,-410,110,260,10,12,13
"6949",-100,1,-430,90,262,10,12,13
"6977",0,1,-410,110,290,10,12,13
"6980",NA,0,-430,90,293,10,12,13
"6981",NA,0,-410,110,294,10,12,13
"6982",20,1,-70,450,295,10,12,13
"6984",-80,1,-430,90,297,10,12,13
"6987",NA,0,-70,450,300,10,12,13
"6994",NA,0,-110,410,307,10,12,13
"6995",NA,0,-510,10,308,10,12,13
"6996",NA,0,-110,410,309,10,12,13
"6998",-60,1,-410,110,311,10,12,13
"6999",0,1,-130,390,312,10,12,13
"7005",40,1,-330,190,318,10,12,13
"7009",NA,0,-250,270,322,10,12,13
"7010",NA,0,-410,110,323,10,12,13
"7013",0,1,-470,50,326,10,12,13
"7015",220,1,-170,350,328,10,12,13
"7018",NA,0,-170,350,331,10,12,13
"7023",200,1,-250,270,336,10,12,13
"7025",NA,0,-330,190,338,10,12,13
"7029",NA,0,-430,90,342,10,12,13
"7031",NA,0,-450,70,344,10,12,13
"7038",NA,0,-70,450,351,10,12,13
"7041",-20,1,-190,330,354,10,12,13
"7043",0,1,-170,350,356,10,12,13
"7046",40,1,-90,430,359,10,12,13
"7049",NA,0,-110,410,362,10,12,13
"7050",0,1,-170,350,363,10,12,13
"7058",20,1,-90,430,371,10,12,13
"7059",0,1,-130,390,372,10,12,13
"7071",0,1,-70,450,384,10,12,13
"7072",NA,0,-130,390,385,10,12,13
"7073",20,1,-90,430,386,10,12,13
"7074",0,1,-130,390,387,10,12,13
"7077",NA,0,-70,450,390,10,12,13
"7082",NA,0,-10,510,395,10,12,13
"7090",NA,0,-90,430,403,10,12,13
"7092",0,1,-170,350,405,10,12,13
"7093",NA,0,-250,270,406,10,12,13
"7100",NA,0,-270,250,413,10,12,13
"7102",NA,0,-430,90,415,10,12,13
"7105",NA,0,-330,190,418,10,12,13
"7112",NA,0,-450,70,425,10,12,13
"7121",NA,0,-70,450,434,10,12,13
"7123",0,1,-170,350,436,10,12,13
"7125",NA,0,-250,270,438,10,12,13
"7128",NA,0,-190,330,441,10,12,13
"7141",80,1,-170,350,454,10,12,13
"7142",20,1,-250,270,455,10,12,13
"7143",NA,0,-330,190,456,10,12,13
"7144",0,1,-430,90,457,10,12,13
"7146",NA,0,-410,110,459,10,12,13
"7147",-20,1,-270,250,460,10,12,13
"7150",-20,1,-50,470,463,10,12,13
"7152",0,1,-130,390,465,10,12,13
"7154",NA,0,-130,390,467,10,12,13
"7160",-100,1,-450,70,473,10,12,13
"7162",NA,0,-170,350,475,10,12,13
"7164",NA,0,-130,390,477,10,12,13
"7166",NA,0,-70,450,479,10,12,13
"7174",NA,0,-270,250,487,10,12,13
"7177",NA,0,-190,330,490,10,12,13
"7179",NA,0,-110,410,492,10,12,13
"7183",0,1,-130,390,496,10,12,13
"7188",NA,0,-170,350,501,10,12,13
"7193",NA,0,-270,250,506,10,12,13
"7198",NA,0,-370,150,511,10,12,13
"7200",NA,0,-290,230,513,10,12,13
"7202",-80,1,-370,150,515,10,12,13
"7207",NA,0,-350,170,520,10,12,13
"7211",-80,1,-430,90,524,10,12,13
"7213",NA,0,-470,50,526,10,12,13
"7216",NA,0,-290,230,529,10,12,13
"7218",NA,0,-450,70,531,10,12,13
"7220",0,1,-170,350,533,10,12,13
"7222",NA,0,-150,370,535,10,12,13
"7226",-60,1,-190,330,539,10,12,13
"7230",NA,0,-70,450,543,10,12,13
"7234",0,1,-130,390,547,10,12,13
"7239",NA,0,-250,270,552,10,12,13
"7245",0,1,-130,390,558,10,12,13
"7248",NA,0,-370,150,561,10,12,13
"7256",NA,0,-70,450,569,10,12,13
"7259",0,1,-110,410,572,10,12,13
"7270",NA,0,-110,410,583,10,12,13
"7271",NA,0,-130,390,584,10,12,13
"7274",0,1,-170,350,587,10,12,13
"7276",-80,1,-370,150,589,10,12,13
"7281",NA,0,-170,350,594,10,12,13
"7287",0,1,-110,410,600,10,12,13
"7296",NA,0,-190,330,609,10,12,13
"7327",NA,0,-130,390,640,10,12,13
"7330",20,1,-170,350,643,10,12,13
"7338",NA,0,-170,350,651,10,12,13
"7372",100,1,-70,450,685,10,12,13
"7385",NA,0,-430,90,698,10,12,13
"7392",-20,1,-190,330,705,10,12,13
"7400",20,1,-110,410,713,10,12,13
"7403",-260,1,-430,90,716,10,12,13
"7408",NA,0,-110,410,721,10,12,13
"7422",40,1,-250,270,735,10,12,13
"7430",20,1,-410,110,743,10,12,13
"7466",NA,0,-170,350,36,11,13,14
"7469",NA,0,-370,150,39,11,13,14
"7470",NA,0,-130,390,40,11,13,14
"7471",NA,0,-210,310,41,11,13,14
"7475",NA,0,-190,330,45,11,13,14
"7476",NA,0,-330,190,46,11,13,14
"7478",NA,0,-250,270,48,11,13,14
"7479",NA,0,-90,430,49,11,13,14
"7481",NA,0,-450,70,51,11,13,14
"7483",0,1,-390,130,53,11,13,14
"7484",NA,0,-170,350,54,11,13,14
"7487",NA,0,-90,430,57,11,13,14
"7491",NA,0,-150,370,61,11,13,14
"7493",NA,0,-130,390,63,11,13,14
"7496",NA,0,-170,350,66,11,13,14
"7497",NA,0,-110,410,67,11,13,14
"7500",NA,0,-330,190,70,11,13,14
"7502",NA,0,-190,330,72,11,13,14
"7504",NA,0,-130,390,74,11,13,14
"7505",NA,0,-290,230,75,11,13,14
"7506",NA,0,-90,430,76,11,13,14
"7507",40,1,-170,350,77,11,13,14
"7508",NA,0,-170,350,78,11,13,14
"7509",NA,0,-310,210,79,11,13,14
"7510",20,1,-210,310,80,11,13,14
"7511",NA,0,-110,410,81,11,13,14
"7512",NA,0,-90,430,82,11,13,14
"7513",-20,1,-310,210,83,11,13,14
"7514",NA,0,-110,410,84,11,13,14
"7515",NA,0,-130,390,85,11,13,14
"7516",NA,0,-450,70,86,11,13,14
"7517",NA,0,-290,230,87,11,13,14
"7518",NA,0,-130,390,88,11,13,14
"7520",NA,0,-190,330,90,11,13,14
"7521",NA,0,-250,270,91,11,13,14
"7522",NA,0,-110,410,92,11,13,14
"7523",NA,0,-350,170,93,11,13,14
"7524",NA,0,-90,430,94,11,13,14
"7525",20,1,-250,270,95,11,13,14
"7526",NA,0,-130,390,96,11,13,14
"7527",-20,1,-90,430,97,11,13,14
"7528",-20,1,-90,430,98,11,13,14
"7529",NA,0,-230,290,99,11,13,14
"7530",NA,0,-190,330,100,11,13,14
"7531",NA,0,-330,190,101,11,13,14
"7532",NA,0,-110,410,102,11,13,14
"7533",NA,0,-330,190,103,11,13,14
"7534",NA,0,-130,390,104,11,13,14
"7535",NA,0,-110,410,105,11,13,14
"7536",NA,0,-130,390,106,11,13,14
"7537",NA,0,-90,430,107,11,13,14
"7538",20,1,-330,190,108,11,13,14
"7539",NA,0,-330,190,109,11,13,14
"7540",NA,0,-90,430,110,11,13,14
"7553",NA,0,-350,170,123,11,13,14
"7577",NA,0,-130,390,147,11,13,14
"7579",NA,0,-130,390,149,11,13,14
"7591",0,1,-130,390,161,11,13,14
"7598",-60,1,-190,330,168,11,13,14
"7611",NA,0,-130,390,181,11,13,14
"7615",NA,0,-450,70,185,11,13,14
"7647",NA,0,-250,270,217,11,13,14
"7652",NA,0,-170,350,222,11,13,14
"7655",NA,0,-110,410,225,11,13,14
"7669",20,1,-250,270,239,11,13,14
"7670",NA,0,-170,350,240,11,13,14
"7680",NA,0,-430,90,250,11,13,14
"7682",NA,0,-150,370,252,11,13,14
"7683",NA,0,-350,170,253,11,13,14
"7687",NA,0,-450,70,257,11,13,14
"7689",NA,0,-350,170,259,11,13,14
"7692",0,1,-330,190,262,11,13,14
"7708",NA,0,-370,150,278,11,13,14
"7716",NA,0,-130,390,286,11,13,14
"7720",NA,0,-410,110,290,11,13,14
"7722",NA,0,-170,350,292,11,13,14
"7725",-20,1,-90,430,295,11,13,14
"7726",NA,0,-110,410,296,11,13,14
"7727",NA,0,-350,170,297,11,13,14
"7731",-40,1,-110,410,301,11,13,14
"7741",NA,0,-350,170,311,11,13,14
"7742",0,1,-130,390,312,11,13,14
"7745",0,1,-330,190,315,11,13,14
"7747",NA,0,-110,410,317,11,13,14
"7748",-20,1,-370,150,318,11,13,14
"7751",NA,0,-410,110,321,11,13,14
"7754",NA,0,-270,250,324,11,13,14
"7756",NA,0,-470,50,326,11,13,14
"7758",0,1,-390,130,328,11,13,14
"7760",NA,0,-310,210,330,11,13,14
"7766",NA,0,-450,70,336,11,13,14
"7779",NA,0,-190,330,349,11,13,14
"7784",NA,0,-170,350,354,11,13,14
"7786",NA,0,-170,350,356,11,13,14
"7789",NA,0,-130,390,359,11,13,14
"7793",NA,0,-170,350,363,11,13,14
"7795",NA,0,-210,310,365,11,13,14
"7801",NA,0,-110,410,371,11,13,14
"7802",0,1,-130,390,372,11,13,14
"7809",NA,0,-290,230,379,11,13,14
"7814",60,1,-70,450,384,11,13,14
"7816",NA,0,-110,410,386,11,13,14
"7817",0,1,-130,390,387,11,13,14
"7821",NA,0,-130,390,391,11,13,14
"7822",0,1,-110,410,392,11,13,14
"7824",NA,0,-130,390,394,11,13,14
"7826",NA,0,-310,210,396,11,13,14
"7829",NA,0,-170,350,399,11,13,14
"7832",-20,1,-90,430,402,11,13,14
"7835",NA,0,-170,350,405,11,13,14
"7851",NA,0,-410,110,421,11,13,14
"7859",NA,0,-510,10,429,11,13,14
"7860",NA,0,-170,350,430,11,13,14
"7861",0,1,-450,70,431,11,13,14
"7865",NA,0,-110,410,435,11,13,14
"7866",NA,0,-170,350,436,11,13,14
"7872",NA,0,-190,330,442,11,13,14
"7884",20,1,-250,270,454,11,13,14
"7885",0,1,-270,250,455,11,13,14
"7887",20,1,-430,90,457,11,13,14
"7890",NA,0,-250,270,460,11,13,14
"7893",NA,0,-30,490,463,11,13,14
"7895",NA,0,-130,390,465,11,13,14
"7899",NA,0,-170,350,469,11,13,14
"7903",-20,1,-350,170,473,11,13,14
"7924",NA,0,-130,390,494,11,13,14
"7926",NA,0,-130,390,496,11,13,14
"7928",NA,0,-130,390,498,11,13,14
"7940",NA,0,-330,190,510,11,13,14
"7945",NA,0,-290,230,515,11,13,14
"7947",NA,0,-290,230,517,11,13,14
"7952",NA,0,-290,230,522,11,13,14
"7954",NA,0,-350,170,524,11,13,14
"7963",NA,0,-170,350,533,11,13,14
"7969",NA,0,-130,390,539,11,13,14
"7970",NA,0,-130,390,540,11,13,14
"7974",NA,0,-110,410,544,11,13,14
"7977",NA,0,-130,390,547,11,13,14
"7980",NA,0,-90,430,550,11,13,14
"7981",-40,1,-110,410,551,11,13,14
"7984",NA,0,-90,430,554,11,13,14
"7985",NA,0,-90,430,555,11,13,14
"7988",NA,0,-130,390,558,11,13,14
"7993",-60,1,-130,390,563,11,13,14
"7998",NA,0,-330,190,568,11,13,14
"8002",0,1,-110,410,572,11,13,14
"8017",NA,0,-170,350,587,11,13,14
"8019",NA,0,-290,230,589,11,13,14
"8030",NA,0,-110,410,600,11,13,14
"8057",NA,0,-130,390,627,11,13,14
"8073",NA,0,-190,330,643,11,13,14
"8074",0,1,-70,450,644,11,13,14
"8079",60,1,-70,450,649,11,13,14
"8097",-20,1,-90,430,667,11,13,14
"8115",-40,1,-170,350,685,11,13,14
"8126",20,1,-110,410,696,11,13,14
"8135",NA,0,-170,350,705,11,13,14
"8136",NA,0,-130,390,706,11,13,14
"8142",NA,0,-330,190,712,11,13,14
"8143",0,1,-130,390,713,11,13,14
"8146",NA,0,-170,350,716,11,13,14
"8165",NA,0,-290,230,735,11,13,14
"8170",NA,0,-170,350,740,11,13,14
"8173",80,1,-430,90,743,11,13,14
"8174",NA,0,-350,170,1,12,14,15
"8182",NA,0,-450,70,9,12,14,15
"8183",NA,0,-450,70,10,12,14,15
"8184",NA,0,-130,390,11,12,14,15
"8185",NA,0,-130,390,12,12,14,15
"8186",NA,0,-130,390,13,12,14,15
"8187",0,1,-150,370,14,12,14,15
"8188",NA,0,-330,190,15,12,14,15
"8189",NA,0,-150,370,16,12,14,15
"8190",NA,0,-190,330,17,12,14,15
"8191",0,1,-370,150,18,12,14,15
"8192",0,1,-170,350,19,12,14,15
"8193",NA,0,-190,330,20,12,14,15
"8194",NA,0,-370,150,21,12,14,15
"8195",NA,0,-290,230,22,12,14,15
"8196",NA,0,-330,190,23,12,14,15
"8197",20,1,-70,450,24,12,14,15
"8198",NA,0,-130,390,25,12,14,15
"8199",0,1,-130,390,26,12,14,15
"8200",0,1,-330,190,27,12,14,15
"8201",NA,0,-90,430,28,12,14,15
"8202",NA,0,-90,430,29,12,14,15
"8203",0,1,-70,450,30,12,14,15
"8204",NA,0,-330,190,31,12,14,15
"8216",NA,0,-70,450,43,12,14,15
"8226",0,1,-390,130,53,12,14,15
"8235",NA,0,-270,250,62,12,14,15
"8250",NA,0,-210,310,77,12,14,15
"8253",40,1,-230,290,80,12,14,15
"8256",0,1,-290,230,83,12,14,15
"8268",40,1,-270,250,95,12,14,15
"8270",NA,0,-70,450,97,12,14,15
"8271",NA,0,-70,450,98,12,14,15
"8281",NA,0,-350,170,108,12,14,15
"8334",NA,0,-130,390,161,12,14,15
"8336",NA,0,-130,390,163,12,14,15
"8341",0,1,-130,390,168,12,14,15
"8392",0,1,-350,170,219,12,14,15
"8406",-60,1,-230,290,233,12,14,15
"8410",NA,0,-450,70,237,12,14,15
"8412",NA,0,-270,250,239,12,14,15
"8416",NA,0,-210,310,243,12,14,15
"8420",NA,0,-270,250,247,12,14,15
"8433",NA,0,-390,130,260,12,14,15
"8435",NA,0,-330,190,262,12,14,15
"8461",NA,0,-470,50,288,12,14,15
"8468",NA,0,-70,450,295,12,14,15
"8474",NA,0,-70,450,301,12,14,15
"8482",NA,0,-70,450,309,12,14,15
"8485",NA,0,-130,390,312,12,14,15
"8488",-20,1,-330,190,315,12,14,15
"8491",NA,0,-350,170,318,12,14,15
"8501",NA,0,-390,130,328,12,14,15
"8513",NA,0,-130,390,340,12,14,15
"8515",NA,0,-390,130,342,12,14,15
"8523",NA,0,-350,170,350,12,14,15
"8524",NA,0,-70,450,351,12,14,15
"8539",NA,0,-390,130,366,12,14,15
"8545",NA,0,-130,390,372,12,14,15
"8556",NA,0,-130,390,383,12,14,15
"8557",NA,0,-130,390,384,12,14,15
"8560",0,1,-130,390,387,12,14,15
"8565",0,1,-110,410,392,12,14,15
"8575",NA,0,-70,450,402,12,14,15
"8589",NA,0,-130,390,416,12,14,15
"8598",NA,0,-450,70,425,12,14,15
"8604",0,1,-450,70,431,12,14,15
"8617",NA,0,-170,350,444,12,14,15
"8622",NA,0,-370,150,449,12,14,15
"8627",NA,0,-270,250,454,12,14,15
"8628",NA,0,-270,250,455,12,14,15
"8630",0,1,-450,70,457,12,14,15
"8640",NA,0,-130,390,467,12,14,15
"8646",-20,1,-330,190,473,12,14,15
"8676",NA,0,-470,50,503,12,14,15
"8724",40,1,-70,450,551,12,14,15
"8725",NA,0,-230,290,552,12,14,15
"8726",NA,0,-130,390,553,12,14,15
"8733",NA,0,-290,230,560,12,14,15
"8736",NA,0,-70,450,563,12,14,15
"8739",NA,0,-110,410,566,12,14,15
"8744",0,1,-70,450,571,12,14,15
"8745",NA,0,-110,410,572,12,14,15
"8753",NA,0,-130,390,580,12,14,15
"8767",-140,1,-510,10,594,12,14,15
"8768",NA,0,-110,410,595,12,14,15
"8770",0,1,-70,450,597,12,14,15
"8781",NA,0,-130,390,608,12,14,15
"8817",0,1,-70,450,644,12,14,15
"8822",NA,0,-130,390,649,12,14,15
"8839",NA,0,-450,70,666,12,14,15
"8840",NA,0,-70,450,667,12,14,15
"8858",0,1,-130,390,685,12,14,15
"8869",0,1,-130,390,696,12,14,15
"8871",0,1,-410,110,698,12,14,15
"8886",0,1,-130,390,713,12,14,15
"8916",-60,1,-510,10,743,12,14,15
"8918",NA,0,-130,390,2,13,15,16
"8919",NA,0,-270,250,3,13,15,16
"8920",NA,0,-270,250,4,13,15,16
"8921",NA,0,-130,390,5,13,15,16
"8922",NA,0,-210,310,6,13,15,16
"8923",20,1,-230,290,7,13,15,16
"8924",NA,0,-270,250,8,13,15,16
"8930",0,1,-150,370,14,13,15,16
"8934",NA,0,-370,150,18,13,15,16
"8935",NA,0,-170,350,19,13,15,16
"8940",0,1,-90,430,24,13,15,16
"8942",0,1,-130,390,26,13,15,16
"8943",0,1,-330,190,27,13,15,16
"8946",0,1,-70,450,30,13,15,16
"8948",0,1,-430,90,32,13,15,16
"8958",-120,1,-350,170,42,13,15,16
"8964",0,1,-270,250,48,13,15,16
"8965",NA,0,-110,410,49,13,15,16
"8967",20,1,-430,90,51,13,15,16
"8969",NA,0,-390,130,53,13,15,16
"8977",NA,0,-270,250,61,13,15,16
"8996",0,1,-270,250,80,13,15,16
"8999",NA,0,-290,230,83,13,15,16
"9005",NA,0,-130,390,89,13,15,16
"9010",-20,1,-90,430,94,13,15,16
"9011",NA,0,-310,210,95,13,15,16
"9015",0,1,-250,270,99,13,15,16
"9084",NA,0,-130,390,168,13,15,16
"9135",0,1,-350,170,219,13,15,16
"9141",NA,0,-130,390,225,13,15,16
"9149",NA,0,-170,350,233,13,15,16
"9213",NA,0,-450,70,297,13,15,16
"9231",-260,1,-310,210,315,13,15,16
"9240",NA,0,-270,250,324,13,15,16
"9252",NA,0,-270,250,336,13,15,16
"9265",NA,0,-410,110,349,13,15,16
"9303",NA,0,-130,390,387,13,15,16
"9304",0,1,-130,390,388,13,15,16
"9308",NA,0,-110,410,392,13,15,16
"9311",-80,1,-130,390,395,13,15,16
"9347",NA,0,-450,70,431,13,15,16
"9356",0,1,-130,390,440,13,15,16
"9364",NA,0,-130,390,448,13,15,16
"9373",0,1,-450,70,457,13,15,16
"9375",-20,1,-450,70,459,13,15,16
"9389",NA,0,-310,210,473,13,15,16
"9398",0,1,-130,390,482,13,15,16
"9429",0,1,-470,50,513,13,15,16
"9451",0,1,-170,350,535,13,15,16
"9455",NA,0,-130,390,539,13,15,16
"9461",0,1,-130,390,545,13,15,16
"9467",0,1,-110,410,551,13,15,16
"9471",NA,0,-130,390,555,13,15,16
"9484",0,1,-350,170,568,13,15,16
"9487",NA,0,-70,450,571,13,15,16
"9492",NA,0,-130,390,576,13,15,16
"9510",NA,0,-370,150,594,13,15,16
"9513",0,1,-70,450,597,13,15,16
"9560",40,1,-70,450,644,13,15,16
"9601",NA,0,-130,390,685,13,15,16
"9612",NA,0,-130,390,696,13,15,16
"9614",NA,0,-410,110,698,13,15,16
"9629",NA,0,-130,390,713,13,15,16
"9651",NA,0,-270,250,735,13,15,16
"9659",NA,0,-450,70,743,13,15,16
