"","ID","IND_ID","Y","Yrecap","Sec_cap","Sec_recap","St_Size","End_Size","Period","Interval","St_Date","St_Month","St_Year","End_Date","End_Month","End_Year"
"108",108,"a0900067000077156  ",0,1,17,17,60,59,1,56,16810,1,2016,16866,3,2016
"110",110,"a0900067000077191  ",NA,0,14,NA,135,NA,1,NA,16810,1,2016,NA,NA,NA
"111",111,"a0900067000077221  ",NA,0,15,NA,119,NA,1,NA,16810,1,2016,NA,NA,NA
"114",114,"a0900067000077268  ",0,1,14,14,120,115,1,56,16810,1,2016,16866,3,2016
"115",115,"a0900067000077281  ",0,1,26,26,125,126,1,56,16810,1,2016,16866,3,2016
"117",117,"a0900067000077300  ",NA,0,14,NA,96,NA,1,NA,16810,1,2016,NA,NA,NA
"121",121,"a0900067000080010  ",NA,0,6,NA,60,NA,1,NA,16808,1,2016,NA,NA,NA
"122",122,"a0900067000080089  ",NA,0,29,NA,65,NA,1,NA,16810,1,2016,NA,NA,NA
"123",123,"a0900067000080098  ",NA,0,28,NA,120,NA,1,NA,16810,1,2016,NA,NA,NA
"124",124,"a0900067000080126  ",NA,0,21,NA,86,NA,1,NA,16810,1,2016,NA,NA,NA
"125",125,"a0900067000080133  ",NA,0,24,NA,67,NA,1,NA,16810,1,2016,NA,NA,NA
"126",126,"a0900067000080144  ",NA,0,8,NA,101,NA,1,NA,16808,1,2016,NA,NA,NA
"127",127,"a0900067000080146  ",0,1,29,29,76,77,1,56,16810,1,2016,16866,3,2016
"129",129,"a0900067000080175  ",1,1,22,23,139,136,1,56,16810,1,2016,16866,3,2016
"130",130,"a0900067000080225  ",-7,1,9,2,102,102,1,56,16808,1,2016,16864,3,2016
"131",131,"a0900067000080230  ",NA,0,20,NA,130,NA,1,NA,16810,1,2016,NA,NA,NA
"132",132,"a0900067000080243  ",NA,0,7,NA,153,NA,1,NA,16808,1,2016,NA,NA,NA
"133",133,"a0900067000080264  ",NA,0,16,NA,70,NA,1,NA,16810,1,2016,NA,NA,NA
"134",134,"a0900067000080294  ",NA,0,30,NA,58,NA,1,NA,16810,1,2016,NA,NA,NA
"135",135,"a0900067000080300  ",0,1,34,34,68,68,1,60,16810,1,2016,16870,3,2016
"136",136,"a0900067000080301  ",0,1,29,29,71,70,1,56,16810,1,2016,16866,3,2016
"137",137,"a0900067000080308  ",NA,0,12,NA,57,NA,1,NA,16810,1,2016,NA,NA,NA
"138",138,"a0900067000080329  ",NA,0,22,NA,79,NA,1,NA,16810,1,2016,NA,NA,NA
"139",139,"a0900067000080338  ",0,1,31,31,65,63,1,56,16810,1,2016,16866,3,2016
"141",141,"a0900067000080353  ",NA,0,11,NA,95,NA,1,NA,16810,1,2016,NA,NA,NA
"142",142,"a0900067000080372  ",NA,0,14,NA,100,NA,1,NA,16810,1,2016,NA,NA,NA
"143",143,"a0900067000080387  ",2,1,6,8,82,82,1,56,16808,1,2016,16864,3,2016
"144",144,"a0900067000080396  ",NA,0,12,NA,73,NA,1,NA,16810,1,2016,NA,NA,NA
"145",145,"a0900067000080411  ",NA,0,28,NA,54,NA,1,NA,16810,1,2016,NA,NA,NA
"146",146,"a0900067000080428  ",NA,0,13,NA,102,NA,1,NA,16810,1,2016,NA,NA,NA
"147",147,"a0900067000080432  ",NA,0,6,NA,75,NA,1,NA,16808,1,2016,NA,NA,NA
"148",148,"a0900067000080434  ",NA,0,12,NA,151,NA,1,NA,16810,1,2016,NA,NA,NA
"149",149,"a0900067000080435  ",NA,0,11,NA,108,NA,1,NA,16810,1,2016,NA,NA,NA
"150",150,"a0900067000080436  ",NA,0,6,NA,63,NA,1,NA,16808,1,2016,NA,NA,NA
"151",151,"a0900067000080448  ",NA,0,11,NA,110,NA,1,NA,16810,1,2016,NA,NA,NA
"152",152,"a0900067000080462  ",NA,0,8,NA,94,NA,1,NA,16808,1,2016,NA,NA,NA
"153",153,"a0900067000080487  ",NA,0,31,NA,63,NA,1,NA,16810,1,2016,NA,NA,NA
"154",154,"a0900067000080489  ",NA,0,20,NA,67,NA,1,NA,16810,1,2016,NA,NA,NA
"155",155,"a0900067000080490  ",NA,0,23,NA,137,NA,1,NA,16810,1,2016,NA,NA,NA
"156",156,"a0900067000080499  ",13,1,21,34,142,142,1,60,16810,1,2016,16870,3,2016
"178",178,"a0900067000085014  ",0,1,16,16,69,69,1,56,16810,1,2016,16866,3,2016
"180",180,"a0900067000085036  ",NA,0,34,NA,117,NA,1,NA,16810,1,2016,NA,NA,NA
"182",182,"a0900067000085069  ",NA,0,28,NA,65,NA,1,NA,16810,1,2016,NA,NA,NA
"184",184,"a0900067000085085  ",0,1,23,23,138,140,1,56,16810,1,2016,16866,3,2016
"185",185,"a0900067000085113  ",NA,0,21,NA,82,NA,1,NA,16810,1,2016,NA,NA,NA
"186",186,"a0900067000085117  ",NA,0,29,NA,113,NA,1,NA,16810,1,2016,NA,NA,NA
"190",190,"a0900067000085180  ",-2,1,32,30,131,131,1,56,16810,1,2016,16866,3,2016
"194",194,"a0900067000085243  ",NA,0,34,NA,130,NA,1,NA,16810,1,2016,NA,NA,NA
"196",196,"a0900067000085279  ",NA,0,24,NA,65,NA,1,NA,16810,1,2016,NA,NA,NA
"197",197,"a0900067000085284  ",NA,0,31,NA,97,NA,1,NA,16810,1,2016,NA,NA,NA
"198",198,"a0900067000085370  ",NA,0,21,NA,89,NA,1,NA,16810,1,2016,NA,NA,NA
"199",199,"a0900067000085373  ",NA,0,24,NA,110,NA,1,NA,16810,1,2016,NA,NA,NA
"201",201,"a0900067000085390  ",NA,0,23,NA,70,NA,1,NA,16810,1,2016,NA,NA,NA
"202",202,"a0900067000085392  ",0,1,34,34,142,137,1,60,16810,1,2016,16870,3,2016
"209",209,"a0900067000085479  ",0,1,22,22,116,118,1,56,16810,1,2016,16866,3,2016
"210",210,"a0900067000085489  ",0,1,27,27,123,121,1,56,16810,1,2016,16866,3,2016
"336",336,"a0982000403060051  ",NA,0,12,NA,119,NA,1,NA,16810,1,2016,NA,NA,NA
"338",338,"a0982000403060053  ",NA,0,8,NA,69,NA,1,NA,16808,1,2016,NA,NA,NA
"339",339,"a0982000403060055  ",4,1,4,8,77,77,1,56,16808,1,2016,16864,3,2016
"341",341,"a0982000403060058  ",2,1,11,13,75,78,1,54,16810,1,2016,16864,3,2016
"342",342,"a0982000403060082  ",NA,0,8,NA,74,NA,1,NA,16808,1,2016,NA,NA,NA
"344",344,"a0982000403060103  ",0,1,29,29,70,70,1,56,16810,1,2016,16866,3,2016
"345",345,"a0982000403060106  ",NA,0,15,NA,151,NA,1,NA,16810,1,2016,NA,NA,NA
"346",346,"a0982000403060107  ",0,1,5,5,70,69,1,56,16808,1,2016,16864,3,2016
"347",347,"a0982000403060111  ",NA,0,13,NA,61,NA,1,NA,16810,1,2016,NA,NA,NA
"350",350,"a0982000403060116  ",0,1,12,12,78,80,1,54,16810,1,2016,16864,3,2016
"351",351,"a0982000403060137  ",0,1,12,12,80,79,1,54,16810,1,2016,16864,3,2016
"352",352,"a0982000403060443  ",NA,0,5,NA,70,NA,1,NA,16808,1,2016,NA,NA,NA
"353",353,"a0982000403060450  ",NA,0,9,NA,70,NA,1,NA,16808,1,2016,NA,NA,NA
"356",356,"a0982000403060454  ",NA,0,6,NA,65,NA,1,NA,16808,1,2016,NA,NA,NA
"357",357,"a0982000403060458  ",NA,0,34,NA,122,NA,1,NA,16810,1,2016,NA,NA,NA
"359",359,"a0982000403060462  ",NA,0,14,NA,97,NA,1,NA,16810,1,2016,NA,NA,NA
"360",360,"a0982000403060476  ",NA,0,14,NA,123,NA,1,NA,16810,1,2016,NA,NA,NA
"361",361,"a0982000403060478  ",1,1,15,16,117,112,1,56,16810,1,2016,16866,3,2016
"365",365,"a0982000403060502  ",NA,0,2,NA,147,NA,1,NA,16808,1,2016,NA,NA,NA
"367",367,"a0982000403060521  ",NA,0,6,NA,62,NA,1,NA,16808,1,2016,NA,NA,NA
"368",368,"a0982000403060524  ",NA,0,7,NA,74,NA,1,NA,16808,1,2016,NA,NA,NA
"582",108,"a0900067000077156  ",0,1,17,17,59,67,2,67,16866,3,2016,16933,5,2016
"583",109,"a0900067000077178  ",NA,0,15,NA,132,NA,2,NA,16866,3,2016,NA,NA,NA
"588",114,"a0900067000077268  ",NA,0,14,NA,115,NA,2,NA,16866,3,2016,NA,NA,NA
"589",115,"a0900067000077281  ",-24,1,26,2,126,126,2,67,16866,3,2016,16933,5,2016
"590",116,"a0900067000077289  ",NA,0,17,NA,78,NA,2,NA,16866,3,2016,NA,NA,NA
"592",118,"a0900067000077370  ",NA,0,23,NA,66,NA,2,NA,16866,3,2016,NA,NA,NA
"593",119,"a0900067000077376  ",NA,0,16,NA,75,NA,2,NA,16866,3,2016,NA,NA,NA
"601",127,"a0900067000080146  ",NA,0,29,NA,77,NA,2,NA,16866,3,2016,NA,NA,NA
"602",128,"a0900067000080174  ",NA,0,7,NA,144,NA,2,NA,16864,3,2016,NA,NA,NA
"603",129,"a0900067000080175  ",NA,0,23,NA,136,NA,2,NA,16866,3,2016,NA,NA,NA
"604",130,"a0900067000080225  ",NA,0,2,NA,102,NA,2,NA,16864,3,2016,NA,NA,NA
"609",135,"a0900067000080300  ",0,1,34,34,68,79,2,64,16870,3,2016,16934,5,2016
"610",136,"a0900067000080301  ",0,1,29,29,70,80,2,68,16866,3,2016,16934,5,2016
"613",139,"a0900067000080338  ",NA,0,31,NA,63,NA,2,NA,16866,3,2016,NA,NA,NA
"614",140,"a0900067000080344  ",NA,0,1,NA,50,NA,2,NA,16864,3,2016,NA,NA,NA
"617",143,"a0900067000080387  ",NA,0,8,NA,82,NA,2,NA,16864,3,2016,NA,NA,NA
"630",156,"a0900067000080499  ",NA,0,34,NA,142,NA,2,NA,16870,3,2016,NA,NA,NA
"631",157,"a0900067000080507  ",NA,0,13,NA,63,NA,2,NA,16864,3,2016,NA,NA,NA
"632",158,"a0900067000080512  ",NA,0,20,NA,65,NA,2,NA,16866,3,2016,NA,NA,NA
"633",159,"a0900067000080526  ",NA,0,22,NA,54,NA,2,NA,16866,3,2016,NA,NA,NA
"634",160,"a0900067000080571  ",NA,0,24,NA,82,NA,2,NA,16866,3,2016,NA,NA,NA
"635",161,"a0900067000080608  ",0,1,21,21,63,68,2,68,16866,3,2016,16934,5,2016
"636",162,"a0900067000080629  ",NA,0,27,NA,112,NA,2,NA,16866,3,2016,NA,NA,NA
"637",163,"a0900067000080642  ",NA,0,14,NA,47,NA,2,NA,16866,3,2016,NA,NA,NA
"638",164,"a0900067000080670  ",NA,0,5,NA,47,NA,2,NA,16864,3,2016,NA,NA,NA
"639",165,"a0900067000080713  ",NA,0,14,NA,59,NA,2,NA,16866,3,2016,NA,NA,NA
"640",166,"a0900067000080748  ",NA,0,13,NA,57,NA,2,NA,16864,3,2016,NA,NA,NA
"641",167,"a0900067000080758  ",NA,0,19,NA,62,NA,2,NA,16866,3,2016,NA,NA,NA
"642",168,"a0900067000080759  ",NA,0,26,NA,105,NA,2,NA,16866,3,2016,NA,NA,NA
"643",169,"a0900067000080786  ",NA,0,22,NA,71,NA,2,NA,16866,3,2016,NA,NA,NA
"644",170,"a0900067000080794  ",NA,0,23,NA,61,NA,2,NA,16866,3,2016,NA,NA,NA
"645",171,"a0900067000080802  ",NA,0,19,NA,63,NA,2,NA,16866,3,2016,NA,NA,NA
"646",172,"a0900067000080809  ",NA,0,23,NA,61,NA,2,NA,16866,3,2016,NA,NA,NA
"647",173,"a0900067000080828  ",NA,0,14,NA,60,NA,2,NA,16866,3,2016,NA,NA,NA
"648",174,"a0900067000080879  ",-1,1,12,11,89,104,2,69,16864,3,2016,16933,5,2016
"649",175,"a0900067000080911  ",NA,0,18,NA,65,NA,2,NA,16866,3,2016,NA,NA,NA
"650",176,"a0900067000080916  ",NA,0,10,NA,53,NA,2,NA,16864,3,2016,NA,NA,NA
"651",177,"a0900067000080968  ",NA,0,24,NA,58,NA,2,NA,16866,3,2016,NA,NA,NA
"652",178,"a0900067000085014  ",NA,0,16,NA,69,NA,2,NA,16866,3,2016,NA,NA,NA
"657",183,"a0900067000085079  ",NA,0,33,NA,72,NA,2,NA,16870,3,2016,NA,NA,NA
"658",184,"a0900067000085085  ",1,1,23,24,140,139,2,68,16866,3,2016,16934,5,2016
"664",190,"a0900067000085180  ",1,1,30,31,131,134,2,68,16866,3,2016,16934,5,2016
"665",191,"a0900067000085188  ",NA,0,15,NA,64,NA,2,NA,16866,3,2016,NA,NA,NA
"667",193,"a0900067000085232  ",NA,0,20,NA,56,NA,2,NA,16866,3,2016,NA,NA,NA
"676",202,"a0900067000085392  ",NA,0,34,NA,137,NA,2,NA,16870,3,2016,NA,NA,NA
"678",204,"a0900067000085435  ",NA,0,18,NA,108,NA,2,NA,16866,3,2016,NA,NA,NA
"679",205,"a0900067000085436  ",NA,0,31,NA,58,NA,2,NA,16866,3,2016,NA,NA,NA
"681",207,"a0900067000085454  ",NA,0,24,NA,69,NA,2,NA,16866,3,2016,NA,NA,NA
"682",208,"a0900067000085460  ",NA,0,25,NA,81,NA,2,NA,16866,3,2016,NA,NA,NA
"683",209,"a0900067000085479  ",NA,0,22,NA,118,NA,2,NA,16866,3,2016,NA,NA,NA
"684",210,"a0900067000085489  ",NA,0,27,NA,121,NA,2,NA,16866,3,2016,NA,NA,NA
"811",337,"a0982000403060052  ",NA,0,13,NA,103,NA,2,NA,16864,3,2016,NA,NA,NA
"813",339,"a0982000403060055  ",NA,0,8,NA,77,NA,2,NA,16864,3,2016,NA,NA,NA
"815",341,"a0982000403060058  ",NA,0,13,NA,78,NA,2,NA,16864,3,2016,NA,NA,NA
"818",344,"a0982000403060103  ",NA,0,29,NA,70,NA,2,NA,16866,3,2016,NA,NA,NA
"820",346,"a0982000403060107  ",2,1,5,7,69,86,2,69,16864,3,2016,16933,5,2016
"823",349,"a0982000403060114  ",NA,0,14,NA,67,NA,2,NA,16866,3,2016,NA,NA,NA
"824",350,"a0982000403060116  ",NA,0,12,NA,80,NA,2,NA,16864,3,2016,NA,NA,NA
"825",351,"a0982000403060137  ",NA,0,12,NA,79,NA,2,NA,16864,3,2016,NA,NA,NA
"829",355,"a0982000403060452  ",NA,0,1,NA,71,NA,2,NA,16864,3,2016,NA,NA,NA
"835",361,"a0982000403060478  ",-1,1,16,15,112,115,2,67,16866,3,2016,16933,5,2016
"836",362,"a0982000403060485  ",NA,0,7,NA,76,NA,2,NA,16864,3,2016,NA,NA,NA
"838",364,"a0982000403060488  ",NA,0,13,NA,66,NA,2,NA,16864,3,2016,NA,NA,NA
"840",366,"a0982000403060507  ",NA,0,7,NA,106,NA,2,NA,16864,3,2016,NA,NA,NA
"887",413,"a0982000407050849  ",NA,0,34,NA,66,NA,2,NA,16870,3,2016,NA,NA,NA
"888",414,"a0982000407050862  ",NA,0,34,NA,63,NA,2,NA,16870,3,2016,NA,NA,NA
"889",415,"a0982000407050925  ",NA,0,29,NA,61,NA,2,NA,16866,3,2016,NA,NA,NA
"890",416,"a0982000407050940  ",NA,0,30,NA,76,NA,2,NA,16866,3,2016,NA,NA,NA
"891",417,"a0982000407050941  ",NA,0,31,NA,52,NA,2,NA,16866,3,2016,NA,NA,NA
"892",418,"a0982000407050952  ",0,1,31,31,77,86,2,68,16866,3,2016,16934,5,2016
"893",419,"a0982000407050969  ",NA,0,28,NA,122,NA,2,NA,16866,3,2016,NA,NA,NA
"894",420,"a0982000407050987  ",NA,0,28,NA,154,NA,2,NA,16866,3,2016,NA,NA,NA
"1052",104,"a0900067000077067  ",NA,0,22,NA,112,NA,3,NA,16934,5,2016,NA,NA,NA
"1053",105,"a0900067000077092  ",NA,0,28,NA,76,NA,3,NA,16934,5,2016,NA,NA,NA
"1056",108,"a0900067000077156  ",NA,0,17,NA,67,NA,3,NA,16933,5,2016,NA,NA,NA
"1063",115,"a0900067000077281  ",NA,0,2,NA,126,NA,3,NA,16933,5,2016,NA,NA,NA
"1068",120,"a0900067000077400  ",NA,0,24,NA,69,NA,3,NA,16934,5,2016,NA,NA,NA
"1073",125,"a0900067000080133  ",0,1,24,24,72,80,3,56,16934,5,2016,16990,7,2016
"1074",126,"a0900067000080144  ",NA,0,1,NA,104,NA,3,NA,16933,5,2016,NA,NA,NA
"1083",135,"a0900067000080300  ",NA,0,34,NA,79,NA,3,NA,16934,5,2016,NA,NA,NA
"1084",136,"a0900067000080301  ",0,1,29,29,80,90,3,56,16934,5,2016,16990,7,2016
"1086",138,"a0900067000080329  ",1,1,23,24,89,102,3,56,16934,5,2016,16990,7,2016
"1098",150,"a0900067000080436  ",NA,0,2,NA,76,NA,3,NA,16933,5,2016,NA,NA,NA
"1101",153,"a0900067000080487  ",NA,0,31,NA,70,NA,3,NA,16934,5,2016,NA,NA,NA
"1109",161,"a0900067000080608  ",NA,0,21,NA,68,NA,3,NA,16934,5,2016,NA,NA,NA
"1122",174,"a0900067000080879  ",0,1,11,11,104,115,3,56,16933,5,2016,16989,7,2016
"1128",180,"a0900067000085036  ",NA,0,34,NA,121,NA,3,NA,16934,5,2016,NA,NA,NA
"1132",184,"a0900067000085085  ",NA,0,24,NA,139,NA,3,NA,16934,5,2016,NA,NA,NA
"1133",185,"a0900067000085113  ",NA,0,21,NA,90,NA,3,NA,16934,5,2016,NA,NA,NA
"1134",186,"a0900067000085117  ",NA,0,29,NA,115,NA,3,NA,16934,5,2016,NA,NA,NA
"1135",187,"a0900067000085149  ",0,1,28,28,115,117,3,56,16934,5,2016,16990,7,2016
"1136",188,"a0900067000085167  ",NA,0,26,NA,111,NA,3,NA,16934,5,2016,NA,NA,NA
"1138",190,"a0900067000085180  ",NA,0,31,NA,134,NA,3,NA,16934,5,2016,NA,NA,NA
"1140",192,"a0900067000085227  ",-4,1,27,23,144,148,3,56,16934,5,2016,16990,7,2016
"1144",196,"a0900067000085279  ",1,1,25,26,73,81,3,56,16934,5,2016,16990,7,2016
"1146",198,"a0900067000085370  ",NA,0,21,NA,100,NA,3,NA,16934,5,2016,NA,NA,NA
"1288",340,"a0982000403060057  ",8,1,4,12,75,87,3,56,16933,5,2016,16989,7,2016
"1290",342,"a0982000403060082  ",9,1,2,11,101,120,3,56,16933,5,2016,16989,7,2016
"1291",343,"a0982000403060095  ",-1,1,14,13,82,101,3,56,16933,5,2016,16989,7,2016
"1294",346,"a0982000403060107  ",NA,0,7,NA,86,NA,3,NA,16933,5,2016,NA,NA,NA
"1307",359,"a0982000403060462  ",NA,0,14,NA,101,NA,3,NA,16933,5,2016,NA,NA,NA
"1309",361,"a0982000403060478  ",NA,0,15,NA,115,NA,3,NA,16933,5,2016,NA,NA,NA
"1321",373,"a0982000407050098  ",NA,0,24,NA,54,NA,3,NA,16934,5,2016,NA,NA,NA
"1322",374,"a0982000407050099  ",0,1,22,22,64,69,3,56,16934,5,2016,16990,7,2016
"1323",375,"a0982000407050107  ",NA,0,31,NA,124,NA,3,NA,16934,5,2016,NA,NA,NA
"1324",376,"a0982000407050109  ",NA,0,30,NA,92,NA,3,NA,16934,5,2016,NA,NA,NA
"1325",377,"a0982000407050140  ",NA,0,29,NA,70,NA,3,NA,16934,5,2016,NA,NA,NA
"1326",378,"a0982000407050150  ",NA,0,28,NA,85,NA,3,NA,16934,5,2016,NA,NA,NA
"1327",379,"a0982000407050157  ",NA,0,21,NA,71,NA,3,NA,16934,5,2016,NA,NA,NA
"1328",380,"a0982000407050162  ",0,1,21,21,74,77,3,56,16934,5,2016,16990,7,2016
"1329",381,"a0982000407050168  ",NA,0,28,NA,55,NA,3,NA,16934,5,2016,NA,NA,NA
"1330",382,"a0982000407050338  ",NA,0,14,NA,130,NA,3,NA,16933,5,2016,NA,NA,NA
"1331",383,"a0982000407050354  ",0,1,24,24,73,76,3,56,16934,5,2016,16990,7,2016
"1366",418,"a0982000407050952  ",NA,0,31,NA,86,NA,3,NA,16934,5,2016,NA,NA,NA
"1409",461,"a0982000407069660  ",NA,0,9,NA,56,NA,3,NA,16933,5,2016,NA,NA,NA
"1410",462,"a0982000407069685  ",NA,0,6,NA,55,NA,3,NA,16933,5,2016,NA,NA,NA
"1411",463,"a0982000407069686  ",NA,0,7,NA,85,NA,3,NA,16933,5,2016,NA,NA,NA
"1412",464,"a0982000407069692  ",NA,0,26,NA,78,NA,3,NA,16934,5,2016,NA,NA,NA
"1413",465,"a0982000407069693  ",NA,0,7,NA,79,NA,3,NA,16933,5,2016,NA,NA,NA
"1414",466,"a0982000407069694  ",NA,0,4,NA,70,NA,3,NA,16933,5,2016,NA,NA,NA
"1415",467,"a0982000407069697  ",NA,0,6,NA,60,NA,3,NA,16933,5,2016,NA,NA,NA
"1416",468,"a0982000407069717  ",NA,0,9,NA,53,NA,3,NA,16933,5,2016,NA,NA,NA
"1417",469,"a0982000407069719  ",NA,0,7,NA,50,NA,3,NA,16933,5,2016,NA,NA,NA
"1418",470,"a0982000407069731  ",NA,0,7,NA,59,NA,3,NA,16933,5,2016,NA,NA,NA
"1419",471,"a0982000407069744  ",14,1,8,22,60,63,3,57,16933,5,2016,16990,7,2016
"1420",472,"a0982000407069748  ",NA,0,17,NA,61,NA,3,NA,16933,5,2016,NA,NA,NA
"1421",473,"a0982000407069749  ",NA,0,4,NA,55,NA,3,NA,16933,5,2016,NA,NA,NA
"1422",474,"a0982000407069755  ",NA,0,4,NA,86,NA,3,NA,16933,5,2016,NA,NA,NA
"1528",106,"a0900067000077120  ",NA,0,13,NA,75,NA,4,NA,16989,7,2016,NA,NA,NA
"1529",107,"a0900067000077141  ",0,1,24,24,88,92,4,65,16990,7,2016,17055,9,2016
"1534",112,"a0900067000077227  ",0,1,17,17,100,115,4,66,16989,7,2016,17055,9,2016
"1535",113,"a0900067000077263  ",NA,0,13,NA,94,NA,4,NA,16989,7,2016,NA,NA,NA
"1539",117,"a0900067000077300  ",NA,0,15,NA,121,NA,4,NA,16989,7,2016,NA,NA,NA
"1544",122,"a0900067000080089  ",3,1,29,32,82,93,4,66,16990,7,2016,17056,9,2016
"1547",125,"a0900067000080133  ",NA,0,24,NA,80,NA,4,NA,16990,7,2016,NA,NA,NA
"1558",136,"a0900067000080301  ",3,1,29,32,90,99,4,66,16990,7,2016,17056,9,2016
"1560",138,"a0900067000080329  ",NA,0,24,NA,102,NA,4,NA,16990,7,2016,NA,NA,NA
"1562",140,"a0900067000080344  ",NA,0,4,NA,80,NA,4,NA,16989,7,2016,NA,NA,NA
"1568",146,"a0900067000080428  ",NA,0,15,NA,124,NA,4,NA,16989,7,2016,NA,NA,NA
"1584",162,"a0900067000080629  ",0,1,27,27,113,115,4,66,16990,7,2016,17056,9,2016
"1594",172,"a0900067000080809  ",NA,0,23,NA,75,NA,4,NA,16990,7,2016,NA,NA,NA
"1596",174,"a0900067000080879  ",NA,0,11,NA,115,NA,4,NA,16989,7,2016,NA,NA,NA
"1601",179,"a0900067000085019  ",NA,0,23,NA,105,NA,4,NA,16990,7,2016,NA,NA,NA
"1605",183,"a0900067000085079  ",NA,0,33,NA,76,NA,4,NA,16990,7,2016,NA,NA,NA
"1609",187,"a0900067000085149  ",NA,0,28,NA,117,NA,4,NA,16990,7,2016,NA,NA,NA
"1614",192,"a0900067000085227  ",NA,0,23,NA,148,NA,4,NA,16990,7,2016,NA,NA,NA
"1615",193,"a0900067000085232  ",NA,0,27,NA,75,NA,4,NA,16990,7,2016,NA,NA,NA
"1617",195,"a0900067000085268  ",NA,0,15,NA,123,NA,4,NA,16989,7,2016,NA,NA,NA
"1618",196,"a0900067000085279  ",NA,0,26,NA,81,NA,4,NA,16990,7,2016,NA,NA,NA
"1622",200,"a0900067000085386  ",0,1,15,15,113,122,4,66,16989,7,2016,17055,9,2016
"1625",203,"a0900067000085431  ",NA,0,29,NA,80,NA,4,NA,16990,7,2016,NA,NA,NA
"1627",205,"a0900067000085436  ",0,1,31,31,77,86,4,66,16990,7,2016,17056,9,2016
"1628",206,"a0900067000085449  ",0,1,22,22,79,88,4,65,16990,7,2016,17055,9,2016
"1630",208,"a0900067000085460  ",0,1,26,26,91,95,4,66,16990,7,2016,17056,9,2016
"1631",209,"a0900067000085479  ",NA,0,22,NA,114,NA,4,NA,16990,7,2016,NA,NA,NA
"1632",210,"a0900067000085489  ",NA,0,27,NA,121,NA,4,NA,16990,7,2016,NA,NA,NA
"1760",338,"a0982000403060053  ",NA,0,10,NA,100,NA,4,NA,16989,7,2016,NA,NA,NA
"1762",340,"a0982000403060057  ",NA,0,12,NA,87,NA,4,NA,16989,7,2016,NA,NA,NA
"1764",342,"a0982000403060082  ",NA,0,11,NA,120,NA,4,NA,16989,7,2016,NA,NA,NA
"1765",343,"a0982000403060095  ",NA,0,13,NA,101,NA,4,NA,16989,7,2016,NA,NA,NA
"1769",347,"a0982000403060111  ",NA,0,13,NA,91,NA,4,NA,16989,7,2016,NA,NA,NA
"1770",348,"a0982000403060113  ",NA,0,7,NA,122,NA,4,NA,16989,7,2016,NA,NA,NA
"1773",351,"a0982000403060137  ",NA,0,11,NA,98,NA,4,NA,16989,7,2016,NA,NA,NA
"1776",354,"a0982000403060451  ",12,1,11,23,122,128,4,66,16989,7,2016,17055,9,2016
"1779",357,"a0982000403060458  ",NA,0,18,NA,151,NA,4,NA,16989,7,2016,NA,NA,NA
"1780",358,"a0982000403060461  ",NA,0,15,NA,125,NA,4,NA,16989,7,2016,NA,NA,NA
"1782",360,"a0982000403060476  ",NA,0,16,NA,126,NA,4,NA,16989,7,2016,NA,NA,NA
"1788",366,"a0982000403060507  ",NA,0,2,NA,148,NA,4,NA,16989,7,2016,NA,NA,NA
"1791",369,"a0982000403060536  ",NA,0,7,NA,122,NA,4,NA,16989,7,2016,NA,NA,NA
"1793",371,"a0982000407050053  ",NA,0,33,NA,96,NA,4,NA,16990,7,2016,NA,NA,NA
"1794",372,"a0982000407050056  ",NA,0,33,NA,112,NA,4,NA,16990,7,2016,NA,NA,NA
"1796",374,"a0982000407050099  ",0,1,22,22,69,66,4,65,16990,7,2016,17055,9,2016
"1802",380,"a0982000407050162  ",NA,0,21,NA,77,NA,4,NA,16990,7,2016,NA,NA,NA
"1805",383,"a0982000407050354  ",NA,0,24,NA,76,NA,4,NA,16990,7,2016,NA,NA,NA
"1806",384,"a0982000407050384  ",NA,0,9,NA,60,NA,4,NA,16989,7,2016,NA,NA,NA
"1807",385,"a0982000407050389  ",NA,0,32,NA,55,NA,4,NA,16990,7,2016,NA,NA,NA
"1808",386,"a0982000407050392  ",NA,0,10,NA,102,NA,4,NA,16989,7,2016,NA,NA,NA
"1809",387,"a0982000407050396  ",-15,1,18,3,55,58,4,66,16989,7,2016,17055,9,2016
"1810",388,"a0982000407050399  ",NA,0,7,NA,91,NA,4,NA,16989,7,2016,NA,NA,NA
"1811",389,"a0982000407050415  ",NA,0,11,NA,104,NA,4,NA,16989,7,2016,NA,NA,NA
"1812",390,"a0982000407050417  ",0,1,13,13,80,92,4,66,16989,7,2016,17055,9,2016
"1813",391,"a0982000407050427  ",NA,0,22,NA,53,NA,4,NA,16990,7,2016,NA,NA,NA
"1814",392,"a0982000407050429  ",NA,0,7,NA,139,NA,4,NA,16989,7,2016,NA,NA,NA
"1815",393,"a0982000407050433  ",NA,0,17,NA,72,NA,4,NA,16989,7,2016,NA,NA,NA
"1816",394,"a0982000407050443  ",NA,0,14,NA,55,NA,4,NA,16989,7,2016,NA,NA,NA
"1817",395,"a0982000407050452  ",NA,0,13,NA,65,NA,4,NA,16989,7,2016,NA,NA,NA
"1818",396,"a0982000407050456  ",NA,0,9,NA,63,NA,4,NA,16989,7,2016,NA,NA,NA
"1819",397,"a0982000407050463  ",NA,0,7,NA,65,NA,4,NA,16989,7,2016,NA,NA,NA
"1820",398,"a0982000407050465  ",-1,1,7,6,62,74,4,66,16989,7,2016,17055,9,2016
"1821",399,"a0982000407050472  ",1,1,14,15,70,81,4,66,16989,7,2016,17055,9,2016
"1822",400,"a0982000407050475  ",NA,0,6,NA,58,NA,4,NA,16989,7,2016,NA,NA,NA
"1823",401,"a0982000407050480  ",NA,0,29,NA,51,NA,4,NA,16990,7,2016,NA,NA,NA
"1824",402,"a0982000407050483  ",NA,0,28,NA,72,NA,4,NA,16990,7,2016,NA,NA,NA
"1825",403,"a0982000407050488  ",NA,0,28,NA,98,NA,4,NA,16990,7,2016,NA,NA,NA
"1826",404,"a0982000407050491  ",NA,0,24,NA,61,NA,4,NA,16990,7,2016,NA,NA,NA
"1827",405,"a0982000407050523  ",NA,0,30,NA,121,NA,4,NA,16990,7,2016,NA,NA,NA
"1828",406,"a0982000407050531  ",NA,0,27,NA,61,NA,4,NA,16990,7,2016,NA,NA,NA
"1829",407,"a0982000407050535  ",NA,0,25,NA,62,NA,4,NA,16990,7,2016,NA,NA,NA
"1830",408,"a0982000407050536  ",NA,0,24,NA,49,NA,4,NA,16990,7,2016,NA,NA,NA
"1831",409,"a0982000407050553  ",NA,0,23,NA,52,NA,4,NA,16990,7,2016,NA,NA,NA
"1832",410,"a0982000407050565  ",NA,0,22,NA,55,NA,4,NA,16990,7,2016,NA,NA,NA
"1833",411,"a0982000407050571  ",NA,0,26,NA,62,NA,4,NA,16990,7,2016,NA,NA,NA
"1837",415,"a0982000407050925  ",1,1,28,29,80,88,4,66,16990,7,2016,17056,9,2016
"1882",460,"a0982000407069645  ",NA,0,6,NA,78,NA,4,NA,16989,7,2016,NA,NA,NA
"1893",471,"a0982000407069744  ",NA,0,22,NA,63,NA,4,NA,16990,7,2016,NA,NA,NA
"2003",107,"a0900067000077141  ",NA,0,24,NA,92,NA,5,NA,17055,9,2016,NA,NA,NA
"2008",112,"a0900067000077227  ",1,1,17,18,115,117,5,59,17055,9,2016,17114,11,2016
"2016",120,"a0900067000077400  ",0,1,24,24,85,89,5,59,17055,9,2016,17114,11,2016
"2017",121,"a0900067000080010  ",-1,1,21,20,71,74,5,59,17055,9,2016,17114,11,2016
"2018",122,"a0900067000080089  ",NA,0,32,NA,93,NA,5,NA,17056,9,2016,NA,NA,NA
"2024",128,"a0900067000080174  ",NA,0,2,NA,145,NA,5,NA,17055,9,2016,NA,NA,NA
"2032",136,"a0900067000080301  ",2,1,32,34,99,104,5,60,17056,9,2016,17116,11,2016
"2038",142,"a0900067000080372  ",1,1,14,15,115,117,5,59,17055,9,2016,17114,11,2016
"2046",150,"a0900067000080436  ",NA,0,7,NA,104,NA,5,NA,17055,9,2016,NA,NA,NA
"2058",162,"a0900067000080629  ",0,1,27,27,115,113,5,58,17056,9,2016,17114,11,2016
"2061",165,"a0900067000080713  ",0,1,17,17,76,77,5,59,17055,9,2016,17114,11,2016
"2063",167,"a0900067000080758  ",NA,0,31,NA,86,NA,5,NA,17056,9,2016,NA,NA,NA
"2074",178,"a0900067000085014  ",-1,1,17,16,99,101,5,59,17055,9,2016,17114,11,2016
"2076",180,"a0900067000085036  ",NA,0,34,NA,118,NA,5,NA,17056,9,2016,NA,NA,NA
"2082",186,"a0900067000085117  ",NA,0,29,NA,120,NA,5,NA,17056,9,2016,NA,NA,NA
"2085",189,"a0900067000085170  ",NA,0,7,NA,127,NA,5,NA,17055,9,2016,NA,NA,NA
"2096",200,"a0900067000085386  ",NA,0,15,NA,122,NA,5,NA,17055,9,2016,NA,NA,NA
"2101",205,"a0900067000085436  ",NA,0,31,NA,86,NA,5,NA,17056,9,2016,NA,NA,NA
"2102",206,"a0900067000085449  ",NA,0,22,NA,88,NA,5,NA,17055,9,2016,NA,NA,NA
"2104",208,"a0900067000085460  ",NA,0,26,NA,95,NA,5,NA,17056,9,2016,NA,NA,NA
"2126",230,"a0900067000121902  ",1,1,29,30,57,62,5,60,17056,9,2016,17116,11,2016
"2127",231,"a0900067000121924  ",NA,0,31,NA,54,NA,5,NA,17056,9,2016,NA,NA,NA
"2128",232,"a0900067000121933  ",NA,0,32,NA,66,NA,5,NA,17056,9,2016,NA,NA,NA
"2129",233,"a0900067000121953  ",NA,0,26,NA,58,NA,5,NA,17056,9,2016,NA,NA,NA
"2130",234,"a0900067000121967  ",NA,0,26,NA,68,NA,5,NA,17056,9,2016,NA,NA,NA
"2131",235,"a0900067000121978  ",0,1,29,29,62,66,5,60,17056,9,2016,17116,11,2016
"2235",339,"a0982000403060055  ",NA,0,7,NA,132,NA,5,NA,17055,9,2016,NA,NA,NA
"2237",341,"a0982000403060058  ",NA,0,18,NA,112,NA,5,NA,17055,9,2016,NA,NA,NA
"2240",344,"a0982000403060103  ",NA,0,32,NA,101,NA,5,NA,17056,9,2016,NA,NA,NA
"2241",345,"a0982000403060106  ",NA,0,2,NA,146,NA,5,NA,17055,9,2016,NA,NA,NA
"2250",354,"a0982000403060451  ",NA,0,23,NA,128,NA,5,NA,17055,9,2016,NA,NA,NA
"2252",356,"a0982000403060454  ",NA,0,7,NA,114,NA,5,NA,17055,9,2016,NA,NA,NA
"2259",363,"a0982000403060487  ",NA,0,7,NA,124,NA,5,NA,17055,9,2016,NA,NA,NA
"2266",370,"a0982000403060542  ",NA,0,13,NA,107,NA,5,NA,17055,9,2016,NA,NA,NA
"2269",373,"a0982000407050098  ",NA,0,24,NA,71,NA,5,NA,17055,9,2016,NA,NA,NA
"2270",374,"a0982000407050099  ",4,1,22,26,66,69,5,59,17055,9,2016,17114,11,2016
"2271",375,"a0982000407050107  ",NA,0,32,NA,127,NA,5,NA,17056,9,2016,NA,NA,NA
"2273",377,"a0982000407050140  ",NA,0,29,NA,98,NA,5,NA,17056,9,2016,NA,NA,NA
"2283",387,"a0982000407050396  ",1,1,3,4,58,58,5,54,17055,9,2016,17109,11,2016
"2286",390,"a0982000407050417  ",NA,0,13,NA,92,NA,5,NA,17055,9,2016,NA,NA,NA
"2294",398,"a0982000407050465  ",NA,0,6,NA,74,NA,5,NA,17055,9,2016,NA,NA,NA
"2295",399,"a0982000407050472  ",0,1,15,15,81,90,5,59,17055,9,2016,17114,11,2016
"2308",412,"a0982000407050739  ",-1,1,21,20,91,93,5,59,17055,9,2016,17114,11,2016
"2311",415,"a0982000407050925  ",NA,0,29,NA,88,NA,5,NA,17056,9,2016,NA,NA,NA
"2317",421,"a0982000407063136  ",NA,0,10,NA,85,NA,5,NA,17055,9,2016,NA,NA,NA
"2318",422,"a0982000407063137  ",-1,1,4,3,61,62,5,54,17055,9,2016,17109,11,2016
"2319",423,"a0982000407063142  ",NA,0,10,NA,86,NA,5,NA,17055,9,2016,NA,NA,NA
"2320",424,"a0982000407063148  ",NA,0,4,NA,55,NA,5,NA,17055,9,2016,NA,NA,NA
"2321",425,"a0982000407063150  ",NA,0,10,NA,53,NA,5,NA,17055,9,2016,NA,NA,NA
"2322",426,"a0982000407063159  ",NA,0,12,NA,51,NA,5,NA,17055,9,2016,NA,NA,NA
"2323",427,"a0982000407063160  ",2,1,6,8,84,87,5,54,17055,9,2016,17109,11,2016
"2324",428,"a0982000407063164  ",NA,0,4,NA,75,NA,5,NA,17055,9,2016,NA,NA,NA
"2325",429,"a0982000407063165  ",NA,0,5,NA,49,NA,5,NA,17055,9,2016,NA,NA,NA
"2326",430,"a0982000407063172  ",NA,0,11,NA,63,NA,5,NA,17055,9,2016,NA,NA,NA
"2327",431,"a0982000407063175  ",NA,0,8,NA,63,NA,5,NA,17055,9,2016,NA,NA,NA
"2328",432,"a0982000407063186  ",NA,0,11,NA,64,NA,5,NA,17055,9,2016,NA,NA,NA
"2329",433,"a0982000407063187  ",NA,0,6,NA,77,NA,5,NA,17055,9,2016,NA,NA,NA
"2330",434,"a0982000407063188  ",NA,0,4,NA,76,NA,5,NA,17055,9,2016,NA,NA,NA
"2331",435,"a0982000407063196  ",NA,0,7,NA,53,NA,5,NA,17055,9,2016,NA,NA,NA
"2332",436,"a0982000407063198  ",1,1,9,10,81,85,5,54,17055,9,2016,17109,11,2016
"2333",437,"a0982000407063206  ",NA,0,12,NA,75,NA,5,NA,17055,9,2016,NA,NA,NA
"2334",438,"a0982000407063209  ",NA,0,6,NA,72,NA,5,NA,17055,9,2016,NA,NA,NA
"2335",439,"a0982000407063210  ",1,1,11,12,70,73,5,54,17055,9,2016,17109,11,2016
"2336",440,"a0982000407063215  ",NA,0,5,NA,61,NA,5,NA,17055,9,2016,NA,NA,NA
"2337",441,"a0982000407063219  ",0,1,16,16,79,85,5,59,17055,9,2016,17114,11,2016
"2338",442,"a0982000407063221  ",NA,0,6,NA,55,NA,5,NA,17055,9,2016,NA,NA,NA
"2339",443,"a0982000407063224  ",0,1,12,12,63,66,5,54,17055,9,2016,17109,11,2016
"2340",444,"a0982000407063227  ",0,1,12,12,57,61,5,54,17055,9,2016,17109,11,2016
"2341",445,"a0982000407063232  ",NA,0,9,NA,76,NA,5,NA,17055,9,2016,NA,NA,NA
"2342",446,"a0982000407063538  ",NA,0,17,NA,63,NA,5,NA,17055,9,2016,NA,NA,NA
"2343",447,"a0982000407063545  ",NA,0,13,NA,85,NA,5,NA,17055,9,2016,NA,NA,NA
"2344",448,"a0982000407063565  ",NA,0,20,NA,78,NA,5,NA,17055,9,2016,NA,NA,NA
"2345",449,"a0982000407063567  ",1,1,15,16,54,59,5,59,17055,9,2016,17114,11,2016
"2346",450,"a0982000407063587  ",NA,0,16,NA,71,NA,5,NA,17055,9,2016,NA,NA,NA
"2347",451,"a0982000407063592  ",0,1,16,16,57,58,5,59,17055,9,2016,17114,11,2016
"2348",452,"a0982000407063595  ",NA,0,19,NA,65,NA,5,NA,17055,9,2016,NA,NA,NA
"2349",453,"a0982000407063604  ",NA,0,17,NA,75,NA,5,NA,17055,9,2016,NA,NA,NA
"2350",454,"a0982000407063610  ",NA,0,25,NA,68,NA,5,NA,17056,9,2016,NA,NA,NA
"2351",455,"a0982000407063611  ",-1,1,19,18,68,68,5,59,17055,9,2016,17114,11,2016
"2352",456,"a0982000407063619  ",NA,0,18,NA,61,NA,5,NA,17055,9,2016,NA,NA,NA
"2353",457,"a0982000407063620  ",NA,0,19,NA,71,NA,5,NA,17055,9,2016,NA,NA,NA
"2354",458,"a0982000407063622  ",NA,0,16,NA,60,NA,5,NA,17055,9,2016,NA,NA,NA
"2355",459,"a0982000407063624  ",NA,0,21,NA,76,NA,5,NA,17055,9,2016,NA,NA,NA
"2473",103,"a0900067000077033  ",NA,0,20,NA,95,NA,6,NA,17114,11,2016,NA,NA,NA
"2482",112,"a0900067000077227  ",0,1,18,18,117,119,6,57,17114,11,2016,17171,1,2017
"2487",117,"a0900067000077300  ",NA,0,15,NA,132,NA,6,NA,17114,11,2016,NA,NA,NA
"2489",119,"a0900067000077376  ",0,1,18,18,110,110,6,57,17114,11,2016,17171,1,2017
"2490",120,"a0900067000077400  ",0,1,24,24,89,88,6,57,17114,11,2016,17171,1,2017
"2491",121,"a0900067000080010  ",0,1,20,20,74,73,6,57,17114,11,2016,17171,1,2017
"2506",136,"a0900067000080301  ",NA,0,34,NA,104,NA,6,NA,17116,11,2016,NA,NA,NA
"2508",138,"a0900067000080329  ",0,1,22,22,110,112,6,57,17114,11,2016,17171,1,2017
"2510",140,"a0900067000080344  ",4,1,6,10,108,109,6,62,17109,11,2016,17171,1,2017
"2512",142,"a0900067000080372  ",NA,0,15,NA,117,NA,6,NA,17114,11,2016,NA,NA,NA
"2532",162,"a0900067000080629  ",NA,0,27,NA,113,NA,6,NA,17114,11,2016,NA,NA,NA
"2535",165,"a0900067000080713  ",NA,0,17,NA,77,NA,6,NA,17114,11,2016,NA,NA,NA
"2539",169,"a0900067000080786  ",0,1,22,22,94,96,6,57,17114,11,2016,17171,1,2017
"2542",172,"a0900067000080809  ",-1,1,25,24,82,82,6,57,17114,11,2016,17171,1,2017
"2548",178,"a0900067000085014  ",2,1,16,18,101,103,6,57,17114,11,2016,17171,1,2017
"2551",181,"a0900067000085047  ",NA,0,23,NA,112,NA,6,NA,17114,11,2016,NA,NA,NA
"2565",195,"a0900067000085268  ",0,1,18,18,135,135,6,57,17114,11,2016,17171,1,2017
"2581",211,"a0900067000116686  ",NA,0,26,NA,51,NA,6,NA,17114,11,2016,NA,NA,NA
"2582",212,"a0900067000116699  ",NA,0,18,NA,55,NA,6,NA,17114,11,2016,NA,NA,NA
"2583",213,"a0900067000116703  ",NA,0,29,NA,94,NA,6,NA,17116,11,2016,NA,NA,NA
"2584",214,"a0900067000116704  ",NA,0,15,NA,96,NA,6,NA,17114,11,2016,NA,NA,NA
"2585",215,"a0900067000116705  ",NA,0,16,NA,69,NA,6,NA,17114,11,2016,NA,NA,NA
"2586",216,"a0900067000116706  ",NA,0,9,NA,105,NA,6,NA,17109,11,2016,NA,NA,NA
"2587",217,"a0900067000116710  ",NA,0,19,NA,55,NA,6,NA,17114,11,2016,NA,NA,NA
"2588",218,"a0900067000116714  ",0,1,12,12,79,78,6,62,17109,11,2016,17171,1,2017
"2589",219,"a0900067000116718  ",NA,0,11,NA,72,NA,6,NA,17109,11,2016,NA,NA,NA
"2590",220,"a0900067000116729  ",NA,0,20,NA,67,NA,6,NA,17114,11,2016,NA,NA,NA
"2591",221,"a0900067000116744  ",NA,0,28,NA,68,NA,6,NA,17114,11,2016,NA,NA,NA
"2592",222,"a0900067000116748  ",NA,0,24,NA,49,NA,6,NA,17114,11,2016,NA,NA,NA
"2593",223,"a0900067000116754  ",0,1,27,27,98,95,6,57,17114,11,2016,17171,1,2017
"2594",224,"a0900067000116760  ",-1,1,18,17,77,79,6,57,17114,11,2016,17171,1,2017
"2595",225,"a0900067000116771  ",NA,0,23,NA,51,NA,6,NA,17114,11,2016,NA,NA,NA
"2596",226,"a0900067000116774  ",NA,0,9,NA,59,NA,6,NA,17109,11,2016,NA,NA,NA
"2597",227,"a0900067000121791  ",NA,0,30,NA,55,NA,6,NA,17116,11,2016,NA,NA,NA
"2598",228,"a0900067000121794  ",0,1,31,31,55,56,6,55,17116,11,2016,17171,1,2017
"2599",229,"a0900067000121831  ",NA,0,31,NA,109,NA,6,NA,17116,11,2016,NA,NA,NA
"2600",230,"a0900067000121902  ",NA,0,30,NA,62,NA,6,NA,17116,11,2016,NA,NA,NA
"2605",235,"a0900067000121978  ",2,1,29,31,66,65,6,55,17116,11,2016,17171,1,2017
"2606",236,"a0900067000122082  ",0,1,16,16,67,68,6,57,17114,11,2016,17171,1,2017
"2607",237,"a0900067000122086  ",-2,1,24,22,71,71,6,57,17114,11,2016,17171,1,2017
"2608",238,"a0900067000122087  ",NA,0,20,NA,67,NA,6,NA,17114,11,2016,NA,NA,NA
"2609",239,"a0900067000122088  ",0,1,18,18,110,115,6,57,17114,11,2016,17171,1,2017
"2610",240,"a0900067000122095  ",0,1,22,22,65,67,6,57,17114,11,2016,17171,1,2017
"2611",241,"a0900067000122097  ",NA,0,13,NA,55,NA,6,NA,17109,11,2016,NA,NA,NA
"2612",242,"a0900067000122100  ",NA,0,17,NA,60,NA,6,NA,17114,11,2016,NA,NA,NA
"2613",243,"a0900067000122107  ",NA,0,16,NA,70,NA,6,NA,17114,11,2016,NA,NA,NA
"2614",244,"a0900067000122111  ",NA,0,24,NA,63,NA,6,NA,17114,11,2016,NA,NA,NA
"2615",245,"a0900067000122137  ",NA,0,18,NA,60,NA,6,NA,17114,11,2016,NA,NA,NA
"2616",246,"a0900067000122144  ",NA,0,13,NA,64,NA,6,NA,17109,11,2016,NA,NA,NA
"2617",247,"a0900067000122149  ",NA,0,19,NA,52,NA,6,NA,17114,11,2016,NA,NA,NA
"2618",248,"a0900067000122154  ",NA,0,20,NA,87,NA,6,NA,17114,11,2016,NA,NA,NA
"2619",249,"a0900067000122156  ",NA,0,12,NA,60,NA,6,NA,17109,11,2016,NA,NA,NA
"2620",250,"a0900067000122157  ",-1,1,27,26,71,71,6,57,17114,11,2016,17171,1,2017
"2621",251,"a0900067000122169  ",NA,0,13,NA,74,NA,6,NA,17109,11,2016,NA,NA,NA
"2622",252,"a0900067000122170  ",NA,0,11,NA,66,NA,6,NA,17109,11,2016,NA,NA,NA
"2623",253,"a0900067000122171  ",0,1,18,18,114,118,6,57,17114,11,2016,17171,1,2017
"2624",254,"a0900067000122175  ",0,1,22,22,90,87,6,57,17114,11,2016,17171,1,2017
"2625",255,"a0900067000122179  ",NA,0,6,NA,67,NA,6,NA,17109,11,2016,NA,NA,NA
"2710",340,"a0982000403060057  ",NA,0,12,NA,99,NA,6,NA,17109,11,2016,NA,NA,NA
"2713",343,"a0982000403060095  ",NA,0,15,NA,121,NA,6,NA,17114,11,2016,NA,NA,NA
"2719",349,"a0982000403060114  ",NA,0,7,NA,115,NA,6,NA,17109,11,2016,NA,NA,NA
"2721",351,"a0982000403060137  ",NA,0,12,NA,111,NA,6,NA,17109,11,2016,NA,NA,NA
"2729",359,"a0982000403060462  ",0,1,15,15,112,112,6,57,17114,11,2016,17171,1,2017
"2731",361,"a0982000403060478  ",NA,0,15,NA,116,NA,6,NA,17114,11,2016,NA,NA,NA
"2744",374,"a0982000407050099  ",NA,0,26,NA,69,NA,6,NA,17114,11,2016,NA,NA,NA
"2749",379,"a0982000407050157  ",0,1,22,22,92,93,6,57,17114,11,2016,17171,1,2017
"2757",387,"a0982000407050396  ",NA,0,4,NA,58,NA,6,NA,17109,11,2016,NA,NA,NA
"2769",399,"a0982000407050472  ",NA,0,15,NA,90,NA,6,NA,17114,11,2016,NA,NA,NA
"2771",401,"a0982000407050480  ",0,1,29,29,60,61,6,55,17116,11,2016,17171,1,2017
"2772",402,"a0982000407050483  ",NA,0,28,NA,80,NA,6,NA,17114,11,2016,NA,NA,NA
"2776",406,"a0982000407050531  ",NA,0,28,NA,74,NA,6,NA,17114,11,2016,NA,NA,NA
"2777",407,"a0982000407050535  ",NA,0,28,NA,80,NA,6,NA,17114,11,2016,NA,NA,NA
"2779",409,"a0982000407050553  ",NA,0,24,NA,64,NA,6,NA,17114,11,2016,NA,NA,NA
"2782",412,"a0982000407050739  ",NA,0,20,NA,93,NA,6,NA,17114,11,2016,NA,NA,NA
"2784",414,"a0982000407050862  ",NA,0,30,NA,91,NA,6,NA,17116,11,2016,NA,NA,NA
"2792",422,"a0982000407063137  ",NA,0,3,NA,62,NA,6,NA,17109,11,2016,NA,NA,NA
"2797",427,"a0982000407063160  ",0,1,8,8,87,88,6,62,17109,11,2016,17171,1,2017
"2806",436,"a0982000407063198  ",NA,0,10,NA,85,NA,6,NA,17109,11,2016,NA,NA,NA
"2809",439,"a0982000407063210  ",NA,0,12,NA,73,NA,6,NA,17109,11,2016,NA,NA,NA
"2811",441,"a0982000407063219  ",17,1,16,33,85,84,6,57,17114,11,2016,17171,1,2017
"2813",443,"a0982000407063224  ",NA,0,12,NA,66,NA,6,NA,17109,11,2016,NA,NA,NA
"2814",444,"a0982000407063227  ",NA,0,12,NA,61,NA,6,NA,17109,11,2016,NA,NA,NA
"2819",449,"a0982000407063567  ",NA,0,16,NA,59,NA,6,NA,17114,11,2016,NA,NA,NA
"2821",451,"a0982000407063592  ",NA,0,16,NA,58,NA,6,NA,17114,11,2016,NA,NA,NA
"2825",455,"a0982000407063611  ",0,1,18,18,68,68,6,57,17114,11,2016,17171,1,2017
"2830",460,"a0982000407069645  ",NA,0,8,NA,101,NA,6,NA,17109,11,2016,NA,NA,NA
"2831",461,"a0982000407069660  ",NA,0,13,NA,87,NA,6,NA,17109,11,2016,NA,NA,NA
"2838",468,"a0982000407069717  ",NA,0,12,NA,75,NA,6,NA,17109,11,2016,NA,NA,NA
"2951",107,"a0900067000077141  ",NA,0,24,NA,95,NA,7,NA,17171,1,2017,NA,NA,NA
"2956",112,"a0900067000077227  ",NA,0,18,NA,119,NA,7,NA,17171,1,2017,NA,NA,NA
"2957",113,"a0900067000077263  ",NA,0,14,NA,108,NA,7,NA,17171,1,2017,NA,NA,NA
"2962",118,"a0900067000077370  ",0,1,23,23,87,90,7,61,17171,1,2017,17232,3,2017
"2963",119,"a0900067000077376  ",NA,0,18,NA,110,NA,7,NA,17171,1,2017,NA,NA,NA
"2964",120,"a0900067000077400  ",NA,0,24,NA,88,NA,7,NA,17171,1,2017,NA,NA,NA
"2965",121,"a0900067000080010  ",1,1,20,21,73,72,7,57,17171,1,2017,17228,3,2017
"2979",135,"a0900067000080300  ",NA,0,34,NA,93,NA,7,NA,17172,1,2017,NA,NA,NA
"2982",138,"a0900067000080329  ",0,1,22,22,112,115,7,57,17171,1,2017,17228,3,2017
"2984",140,"a0900067000080344  ",NA,0,10,NA,109,NA,7,NA,17171,1,2017,NA,NA,NA
"3005",161,"a0900067000080608  ",NA,0,21,NA,80,NA,7,NA,17171,1,2017,NA,NA,NA
"3013",169,"a0900067000080786  ",NA,0,22,NA,96,NA,7,NA,17171,1,2017,NA,NA,NA
"3016",172,"a0900067000080809  ",NA,0,24,NA,82,NA,7,NA,17171,1,2017,NA,NA,NA
"3022",178,"a0900067000085014  ",NA,0,18,NA,103,NA,7,NA,17171,1,2017,NA,NA,NA
"3039",195,"a0900067000085268  ",NA,0,18,NA,135,NA,7,NA,17171,1,2017,NA,NA,NA
"3044",200,"a0900067000085386  ",NA,0,18,NA,126,NA,7,NA,17171,1,2017,NA,NA,NA
"3050",206,"a0900067000085449  ",0,1,22,22,93,95,7,57,17171,1,2017,17228,3,2017
"3052",208,"a0900067000085460  ",0,1,26,26,98,100,7,61,17171,1,2017,17232,3,2017
"3062",218,"a0900067000116714  ",0,1,12,12,78,81,7,54,17171,1,2017,17225,2,2017
"3067",223,"a0900067000116754  ",0,1,27,27,95,95,7,61,17171,1,2017,17232,3,2017
"3068",224,"a0900067000116760  ",NA,0,17,NA,79,NA,7,NA,17171,1,2017,NA,NA,NA
"3072",228,"a0900067000121794  ",NA,0,31,NA,56,NA,7,NA,17171,1,2017,NA,NA,NA
"3079",235,"a0900067000121978  ",NA,0,31,NA,65,NA,7,NA,17171,1,2017,NA,NA,NA
"3080",236,"a0900067000122082  ",-1,1,16,15,68,68,7,57,17171,1,2017,17228,3,2017
"3081",237,"a0900067000122086  ",NA,0,22,NA,71,NA,7,NA,17171,1,2017,NA,NA,NA
"3083",239,"a0900067000122088  ",NA,0,18,NA,115,NA,7,NA,17171,1,2017,NA,NA,NA
"3084",240,"a0900067000122095  ",NA,0,22,NA,67,NA,7,NA,17171,1,2017,NA,NA,NA
"3094",250,"a0900067000122157  ",1,1,26,27,71,71,7,61,17171,1,2017,17232,3,2017
"3097",253,"a0900067000122171  ",NA,0,18,NA,118,NA,7,NA,17171,1,2017,NA,NA,NA
"3098",254,"a0900067000122175  ",NA,0,22,NA,87,NA,7,NA,17171,1,2017,NA,NA,NA
"3100",256,"a0900067000122483  ",NA,0,14,NA,56,NA,7,NA,17171,1,2017,NA,NA,NA
"3101",257,"a0900067000122489  ",NA,0,11,NA,63,NA,7,NA,17171,1,2017,NA,NA,NA
"3102",258,"a0900067000122492  ",NA,0,5,NA,52,NA,7,NA,17171,1,2017,NA,NA,NA
"3103",259,"a0900067000122500  ",NA,0,12,NA,78,NA,7,NA,17171,1,2017,NA,NA,NA
"3104",260,"a0900067000122512  ",NA,0,13,NA,52,NA,7,NA,17171,1,2017,NA,NA,NA
"3105",261,"a0900067000122515  ",NA,0,4,NA,60,NA,7,NA,17171,1,2017,NA,NA,NA
"3106",262,"a0900067000122526  ",NA,0,8,NA,55,NA,7,NA,17171,1,2017,NA,NA,NA
"3107",263,"a0900067000122527  ",1,1,14,15,57,60,7,57,17171,1,2017,17228,3,2017
"3108",264,"a0900067000122533  ",NA,0,12,NA,50,NA,7,NA,17171,1,2017,NA,NA,NA
"3109",265,"a0900067000122537  ",NA,0,14,NA,56,NA,7,NA,17171,1,2017,NA,NA,NA
"3111",267,"a0900067000122548  ",NA,0,22,NA,55,NA,7,NA,17171,1,2017,NA,NA,NA
"3112",268,"a0900067000122549  ",NA,0,12,NA,63,NA,7,NA,17171,1,2017,NA,NA,NA
"3113",269,"a0900067000122550  ",1,1,14,15,67,67,7,57,17171,1,2017,17228,3,2017
"3114",270,"a0900067000122562  ",NA,0,5,NA,61,NA,7,NA,17171,1,2017,NA,NA,NA
"3164",320,"a0900067000125788  ",NA,0,22,NA,51,NA,7,NA,17171,1,2017,NA,NA,NA
"3165",321,"a0900067000125807  ",NA,0,15,NA,59,NA,7,NA,17171,1,2017,NA,NA,NA
"3166",322,"a0900067000125812  ",NA,0,16,NA,56,NA,7,NA,17171,1,2017,NA,NA,NA
"3167",323,"a0900067000125813  ",NA,0,22,NA,77,NA,7,NA,17171,1,2017,NA,NA,NA
"3168",324,"a0900067000125826  ",NA,0,18,NA,52,NA,7,NA,17171,1,2017,NA,NA,NA
"3169",325,"a0900067000125830  ",NA,0,23,NA,52,NA,7,NA,17171,1,2017,NA,NA,NA
"3170",326,"a0900067000125840  ",NA,0,24,NA,87,NA,7,NA,17171,1,2017,NA,NA,NA
"3171",327,"a0900067000125843  ",NA,0,19,NA,87,NA,7,NA,17171,1,2017,NA,NA,NA
"3172",328,"a0900067000125848  ",NA,0,34,NA,117,NA,7,NA,17172,1,2017,NA,NA,NA
"3173",329,"a0900067000125851  ",NA,0,31,NA,55,NA,7,NA,17171,1,2017,NA,NA,NA
"3174",330,"a0900067000125853  ",NA,0,16,NA,56,NA,7,NA,17171,1,2017,NA,NA,NA
"3175",331,"a0900067000125862  ",NA,0,29,NA,62,NA,7,NA,17171,1,2017,NA,NA,NA
"3176",332,"a0900067000125863  ",NA,0,29,NA,79,NA,7,NA,17171,1,2017,NA,NA,NA
"3177",333,"a0900067000125865  ",NA,0,21,NA,54,NA,7,NA,17171,1,2017,NA,NA,NA
"3181",337,"a0982000403060052  ",NA,0,1,NA,157,NA,7,NA,17171,1,2017,NA,NA,NA
"3203",359,"a0982000403060462  ",0,1,15,15,112,112,7,57,17171,1,2017,17228,3,2017
"3210",366,"a0982000403060507  ",NA,0,2,NA,155,NA,7,NA,17171,1,2017,NA,NA,NA
"3223",379,"a0982000407050157  ",0,1,22,22,93,93,7,57,17171,1,2017,17228,3,2017
"3230",386,"a0982000407050392  ",NA,0,2,NA,119,NA,7,NA,17171,1,2017,NA,NA,NA
"3245",401,"a0982000407050480  ",NA,0,29,NA,61,NA,7,NA,17171,1,2017,NA,NA,NA
"3257",413,"a0982000407050849  ",0,1,34,34,100,103,7,63,17172,1,2017,17235,3,2017
"3271",427,"a0982000407063160  ",NA,0,8,NA,88,NA,7,NA,17171,1,2017,NA,NA,NA
"3275",431,"a0982000407063175  ",NA,0,8,NA,64,NA,7,NA,17171,1,2017,NA,NA,NA
"3285",441,"a0982000407063219  ",NA,0,33,NA,84,NA,7,NA,17171,1,2017,NA,NA,NA
"3299",455,"a0982000407063611  ",1,1,18,19,68,69,7,57,17171,1,2017,17228,3,2017
"3301",457,"a0982000407063620  ",NA,0,19,NA,72,NA,7,NA,17171,1,2017,NA,NA,NA
"3435",117,"a0900067000077300  ",4,1,14,18,130,142,8,72,17228,3,2017,17300,5,2017
"3436",118,"a0900067000077370  ",NA,0,23,NA,90,NA,8,NA,17232,3,2017,NA,NA,NA
"3439",121,"a0900067000080010  ",NA,0,21,NA,72,NA,8,NA,17228,3,2017,NA,NA,NA
"3440",122,"a0900067000080089  ",NA,0,34,NA,103,NA,8,NA,17235,3,2017,NA,NA,NA
"3454",136,"a0900067000080301  ",NA,0,34,NA,108,NA,8,NA,17235,3,2017,NA,NA,NA
"3456",138,"a0900067000080329  ",2,1,22,24,115,128,8,72,17228,3,2017,17300,5,2017
"3472",154,"a0900067000080489  ",NA,0,20,NA,109,NA,8,NA,17228,3,2017,NA,NA,NA
"3480",162,"a0900067000080629  ",NA,0,27,NA,114,NA,8,NA,17232,3,2017,NA,NA,NA
"3524",206,"a0900067000085449  ",0,1,22,22,95,99,8,72,17228,3,2017,17300,5,2017
"3526",208,"a0900067000085460  ",0,1,26,26,100,102,8,68,17232,3,2017,17300,5,2017
"3536",218,"a0900067000116714  ",0,1,12,12,81,98,8,73,17225,2,2017,17298,5,2017
"3541",223,"a0900067000116754  ",0,1,27,27,95,109,8,68,17232,3,2017,17300,5,2017
"3545",227,"a0900067000121791  ",0,1,29,29,57,64,8,68,17232,3,2017,17300,5,2017
"3554",236,"a0900067000122082  ",1,1,15,16,68,80,8,72,17228,3,2017,17300,5,2017
"3559",241,"a0900067000122097  ",NA,0,13,NA,56,NA,8,NA,17228,3,2017,NA,NA,NA
"3564",246,"a0900067000122144  ",NA,0,13,NA,65,NA,8,NA,17228,3,2017,NA,NA,NA
"3568",250,"a0900067000122157  ",0,1,27,27,71,84,8,68,17232,3,2017,17300,5,2017
"3581",263,"a0900067000122527  ",NA,0,15,NA,60,NA,8,NA,17228,3,2017,NA,NA,NA
"3584",266,"a0900067000122538  ",NA,0,9,NA,58,NA,8,NA,17225,2,2017,NA,NA,NA
"3587",269,"a0900067000122550  ",NA,0,15,NA,67,NA,8,NA,17228,3,2017,NA,NA,NA
"3602",284,"a0900067000125185  ",NA,0,26,NA,52,NA,8,NA,17232,3,2017,NA,NA,NA
"3603",285,"a0900067000125190  ",NA,0,20,NA,56,NA,8,NA,17228,3,2017,NA,NA,NA
"3604",286,"a0900067000125191  ",0,1,14,14,53,67,8,70,17228,3,2017,17298,5,2017
"3605",287,"a0900067000125193  ",NA,0,30,NA,56,NA,8,NA,17232,3,2017,NA,NA,NA
"3606",288,"a0900067000125195  ",0,1,14,14,54,66,8,70,17228,3,2017,17298,5,2017
"3607",289,"a0900067000125206  ",NA,0,19,NA,53,NA,8,NA,17228,3,2017,NA,NA,NA
"3608",290,"a0900067000125222  ",NA,0,16,NA,52,NA,8,NA,17228,3,2017,NA,NA,NA
"3609",291,"a0900067000125225  ",NA,0,22,NA,59,NA,8,NA,17228,3,2017,NA,NA,NA
"3610",292,"a0900067000125228  ",1,1,23,24,88,93,8,68,17232,3,2017,17300,5,2017
"3611",293,"a0900067000125230  ",NA,0,9,NA,57,NA,8,NA,17225,2,2017,NA,NA,NA
"3612",294,"a0900067000125240  ",NA,0,20,NA,59,NA,8,NA,17228,3,2017,NA,NA,NA
"3613",295,"a0900067000125243  ",NA,0,20,NA,95,NA,8,NA,17228,3,2017,NA,NA,NA
"3614",296,"a0900067000125246  ",NA,0,8,NA,78,NA,8,NA,17225,2,2017,NA,NA,NA
"3615",297,"a0900067000125249  ",0,1,6,6,57,72,8,73,17225,2,2017,17298,5,2017
"3616",298,"a0900067000125261  ",NA,0,19,NA,55,NA,8,NA,17228,3,2017,NA,NA,NA
"3617",299,"a0900067000125262  ",NA,0,28,NA,95,NA,8,NA,17232,3,2017,NA,NA,NA
"3618",300,"a0900067000125263  ",NA,0,34,NA,73,NA,8,NA,17235,3,2017,NA,NA,NA
"3619",301,"a0900067000125280  ",0,1,21,21,61,72,8,72,17228,3,2017,17300,5,2017
"3658",340,"a0982000403060057  ",NA,0,14,NA,105,NA,8,NA,17228,3,2017,NA,NA,NA
"3667",349,"a0982000403060114  ",NA,0,12,NA,122,NA,8,NA,17225,2,2017,NA,NA,NA
"3677",359,"a0982000403060462  ",NA,0,15,NA,112,NA,8,NA,17228,3,2017,NA,NA,NA
"3691",373,"a0982000407050098  ",NA,0,24,NA,75,NA,8,NA,17232,3,2017,NA,NA,NA
"3697",379,"a0982000407050157  ",NA,0,22,NA,93,NA,8,NA,17228,3,2017,NA,NA,NA
"3701",383,"a0982000407050354  ",NA,0,27,NA,87,NA,8,NA,17232,3,2017,NA,NA,NA
"3705",387,"a0982000407050396  ",NA,0,4,NA,62,NA,8,NA,17225,2,2017,NA,NA,NA
"3717",399,"a0982000407050472  ",NA,0,15,NA,91,NA,8,NA,17228,3,2017,NA,NA,NA
"3724",406,"a0982000407050531  ",NA,0,28,NA,73,NA,8,NA,17232,3,2017,NA,NA,NA
"3731",413,"a0982000407050849  ",0,1,34,34,103,120,8,65,17235,3,2017,17300,5,2017
"3732",414,"a0982000407050862  ",NA,0,31,NA,96,NA,8,NA,17232,3,2017,NA,NA,NA
"3733",415,"a0982000407050925  ",-6,1,34,28,93,100,8,65,17235,3,2017,17300,5,2017
"3741",423,"a0982000407063142  ",0,1,18,18,92,103,8,72,17228,3,2017,17300,5,2017
"3750",432,"a0982000407063186  ",1,1,11,12,65,77,8,73,17225,2,2017,17298,5,2017
"3760",442,"a0982000407063221  ",NA,0,6,NA,57,NA,8,NA,17225,2,2017,NA,NA,NA
"3766",448,"a0982000407063565  ",0,1,20,20,82,89,8,72,17228,3,2017,17300,5,2017
"3767",449,"a0982000407063567  ",NA,0,16,NA,60,NA,8,NA,17228,3,2017,NA,NA,NA
"3773",455,"a0982000407063611  ",NA,0,19,NA,69,NA,8,NA,17228,3,2017,NA,NA,NA
"3779",461,"a0982000407069660  ",-1,1,14,13,85,94,8,70,17228,3,2017,17298,5,2017
"3786",468,"a0982000407069717  ",NA,0,12,NA,79,NA,8,NA,17225,2,2017,NA,NA,NA
"3909",117,"a0900067000077300  ",NA,0,18,NA,142,NA,9,NA,17300,5,2017,NA,NA,NA
"3911",119,"a0900067000077376  ",NA,0,18,NA,127,NA,9,NA,17300,5,2017,NA,NA,NA
"3930",138,"a0900067000080329  ",NA,0,24,NA,128,NA,9,NA,17300,5,2017,NA,NA,NA
"3934",142,"a0900067000080372  ",NA,0,14,NA,124,NA,9,NA,17298,5,2017,NA,NA,NA
"3936",144,"a0900067000080396  ",NA,0,19,NA,111,NA,9,NA,17300,5,2017,NA,NA,NA
"3953",161,"a0900067000080608  ",9,1,21,30,87,89,9,54,17300,5,2017,17354,7,2017
"3957",165,"a0900067000080713  ",1,1,17,18,98,105,9,53,17300,5,2017,17353,7,2017
"3963",171,"a0900067000080802  ",NA,0,19,NA,117,NA,9,NA,17300,5,2017,NA,NA,NA
"3970",178,"a0900067000085014  ",NA,0,17,NA,108,NA,9,NA,17300,5,2017,NA,NA,NA
"3997",205,"a0900067000085436  ",0,1,34,34,117,135,9,54,17300,5,2017,17354,7,2017
"3998",206,"a0900067000085449  ",10,1,22,32,99,100,9,54,17300,5,2017,17354,7,2017
"4000",208,"a0900067000085460  ",NA,0,26,NA,102,NA,9,NA,17300,5,2017,NA,NA,NA
"4006",214,"a0900067000116704  ",0,1,15,15,107,117,9,54,17298,5,2017,17352,7,2017
"4010",218,"a0900067000116714  ",NA,0,12,NA,98,NA,9,NA,17298,5,2017,NA,NA,NA
"4012",220,"a0900067000116729  ",0,1,21,21,83,86,9,53,17300,5,2017,17353,7,2017
"4015",223,"a0900067000116754  ",NA,0,27,NA,109,NA,9,NA,17300,5,2017,NA,NA,NA
"4016",224,"a0900067000116760  ",NA,0,17,NA,88,NA,9,NA,17300,5,2017,NA,NA,NA
"4017",225,"a0900067000116771  ",NA,0,24,NA,63,NA,9,NA,17300,5,2017,NA,NA,NA
"4018",226,"a0900067000116774  ",NA,0,8,NA,79,NA,9,NA,17298,5,2017,NA,NA,NA
"4019",227,"a0900067000121791  ",NA,0,29,NA,64,NA,9,NA,17300,5,2017,NA,NA,NA
"4020",228,"a0900067000121794  ",NA,0,31,NA,66,NA,9,NA,17300,5,2017,NA,NA,NA
"4026",234,"a0900067000121967  ",0,1,26,26,88,95,9,53,17300,5,2017,17353,7,2017
"4028",236,"a0900067000122082  ",1,1,16,17,80,96,9,53,17300,5,2017,17353,7,2017
"4030",238,"a0900067000122087  ",NA,0,21,NA,81,NA,9,NA,17300,5,2017,NA,NA,NA
"4035",243,"a0900067000122107  ",NA,0,14,NA,87,NA,9,NA,17298,5,2017,NA,NA,NA
"4042",250,"a0900067000122157  ",-1,1,27,26,84,91,9,53,17300,5,2017,17353,7,2017
"4043",251,"a0900067000122169  ",NA,0,14,NA,99,NA,9,NA,17298,5,2017,NA,NA,NA
"4046",254,"a0900067000122175  ",NA,0,24,NA,100,NA,9,NA,17300,5,2017,NA,NA,NA
"4048",256,"a0900067000122483  ",NA,0,13,NA,72,NA,9,NA,17298,5,2017,NA,NA,NA
"4050",258,"a0900067000122492  ",NA,0,4,NA,64,NA,9,NA,17298,5,2017,NA,NA,NA
"4051",259,"a0900067000122500  ",0,1,12,12,95,109,9,54,17298,5,2017,17352,7,2017
"4052",260,"a0900067000122512  ",NA,0,13,NA,63,NA,9,NA,17298,5,2017,NA,NA,NA
"4053",261,"a0900067000122515  ",NA,0,29,NA,82,NA,9,NA,17300,5,2017,NA,NA,NA
"4057",265,"a0900067000122537  ",NA,0,14,NA,72,NA,9,NA,17298,5,2017,NA,NA,NA
"4060",268,"a0900067000122549  ",0,1,12,12,81,92,9,54,17298,5,2017,17352,7,2017
"4063",271,"a0900067000124982  ",0,1,24,24,65,72,9,53,17300,5,2017,17353,7,2017
"4064",272,"a0900067000124985  ",NA,0,21,NA,55,NA,9,NA,17300,5,2017,NA,NA,NA
"4065",273,"a0900067000125010  ",NA,0,26,NA,75,NA,9,NA,17300,5,2017,NA,NA,NA
"4066",274,"a0900067000125013  ",3,1,26,29,79,85,9,54,17300,5,2017,17354,7,2017
"4068",276,"a0900067000125028  ",NA,0,23,NA,61,NA,9,NA,17300,5,2017,NA,NA,NA
"4069",277,"a0900067000125041  ",10,1,26,36,75,86,9,54,17300,5,2017,17354,7,2017
"4070",278,"a0900067000125043  ",7,1,26,33,98,102,9,54,17300,5,2017,17354,7,2017
"4071",279,"a0900067000125055  ",NA,0,23,NA,60,NA,9,NA,17300,5,2017,NA,NA,NA
"4072",280,"a0900067000125056  ",NA,0,24,NA,60,NA,9,NA,17300,5,2017,NA,NA,NA
"4073",281,"a0900067000125060  ",NA,0,24,NA,59,NA,9,NA,17300,5,2017,NA,NA,NA
"4074",282,"a0900067000125071  ",NA,0,20,NA,58,NA,9,NA,17300,5,2017,NA,NA,NA
"4075",283,"a0900067000125077  ",NA,0,24,NA,67,NA,9,NA,17300,5,2017,NA,NA,NA
"4078",286,"a0900067000125191  ",NA,0,14,NA,67,NA,9,NA,17298,5,2017,NA,NA,NA
"4080",288,"a0900067000125195  ",NA,0,14,NA,66,NA,9,NA,17298,5,2017,NA,NA,NA
"4084",292,"a0900067000125228  ",0,1,24,24,93,107,9,53,17300,5,2017,17353,7,2017
"4089",297,"a0900067000125249  ",NA,0,6,NA,72,NA,9,NA,17298,5,2017,NA,NA,NA
"4093",301,"a0900067000125280  ",NA,0,21,NA,72,NA,9,NA,17300,5,2017,NA,NA,NA
"4094",302,"a0900067000125285  ",NA,0,27,NA,62,NA,9,NA,17300,5,2017,NA,NA,NA
"4095",303,"a0900067000125306  ",1,1,30,31,70,80,9,54,17300,5,2017,17354,7,2017
"4096",304,"a0900067000125308  ",NA,0,28,NA,95,NA,9,NA,17300,5,2017,NA,NA,NA
"4097",305,"a0900067000125319  ",NA,0,27,NA,102,NA,9,NA,17300,5,2017,NA,NA,NA
"4098",306,"a0900067000125327  ",0,1,33,33,74,89,9,54,17300,5,2017,17354,7,2017
"4099",307,"a0900067000125334  ",NA,0,31,NA,73,NA,9,NA,17300,5,2017,NA,NA,NA
"4100",308,"a0900067000125344  ",NA,0,28,NA,73,NA,9,NA,17300,5,2017,NA,NA,NA
"4101",309,"a0900067000125353  ",0,1,33,33,65,78,9,54,17300,5,2017,17354,7,2017
"4102",310,"a0900067000125354  ",NA,0,27,NA,63,NA,9,NA,17300,5,2017,NA,NA,NA
"4103",311,"a0900067000125374  ",NA,0,33,NA,68,NA,9,NA,17300,5,2017,NA,NA,NA
"4104",312,"a0900067000125378  ",0,1,30,30,61,76,9,54,17300,5,2017,17354,7,2017
"4105",313,"a0900067000125380  ",0,1,29,29,60,68,9,54,17300,5,2017,17354,7,2017
"4106",314,"a0900067000125381  ",NA,0,6,NA,67,NA,9,NA,17298,5,2017,NA,NA,NA
"4107",315,"a0900067000125391  ",NA,0,14,NA,59,NA,9,NA,17298,5,2017,NA,NA,NA
"4108",316,"a0900067000125400  ",0,1,12,12,66,81,9,54,17298,5,2017,17352,7,2017
"4109",317,"a0900067000125416  ",NA,0,13,NA,74,NA,9,NA,17298,5,2017,NA,NA,NA
"4110",318,"a0900067000125443  ",NA,0,12,NA,78,NA,9,NA,17298,5,2017,NA,NA,NA
"4111",319,"a0900067000125480  ",NA,0,6,NA,71,NA,9,NA,17298,5,2017,NA,NA,NA
"4113",321,"a0900067000125807  ",NA,0,15,NA,72,NA,9,NA,17298,5,2017,NA,NA,NA
"4118",326,"a0900067000125840  ",NA,0,24,NA,94,NA,9,NA,17300,5,2017,NA,NA,NA
"4137",345,"a0982000403060106  ",NA,0,36,NA,169,NA,9,NA,17300,5,2017,NA,NA,NA
"4158",366,"a0982000403060507  ",NA,0,24,NA,177,NA,9,NA,17300,5,2017,NA,NA,NA
"4199",407,"a0982000407050535  ",0,1,26,26,97,108,9,53,17300,5,2017,17353,7,2017
"4200",408,"a0982000407050536  ",0,1,29,29,63,73,9,54,17300,5,2017,17354,7,2017
"4205",413,"a0982000407050849  ",0,1,34,34,120,137,9,54,17300,5,2017,17354,7,2017
"4207",415,"a0982000407050925  ",NA,0,28,NA,100,NA,9,NA,17300,5,2017,NA,NA,NA
"4214",422,"a0982000407063137  ",1,1,6,7,85,109,9,54,17298,5,2017,17352,7,2017
"4215",423,"a0982000407063142  ",NA,0,18,NA,103,NA,9,NA,17300,5,2017,NA,NA,NA
"4223",431,"a0982000407063175  ",0,1,8,8,82,107,9,54,17298,5,2017,17352,7,2017
"4224",432,"a0982000407063186  ",NA,0,12,NA,77,NA,9,NA,17298,5,2017,NA,NA,NA
"4228",436,"a0982000407063198  ",NA,0,10,NA,105,NA,9,NA,17298,5,2017,NA,NA,NA
"4235",443,"a0982000407063224  ",NA,0,12,NA,83,NA,9,NA,17298,5,2017,NA,NA,NA
"4240",448,"a0982000407063565  ",0,1,20,20,89,95,9,53,17300,5,2017,17353,7,2017
"4246",454,"a0982000407063610  ",NA,0,25,NA,87,NA,9,NA,17300,5,2017,NA,NA,NA
"4251",459,"a0982000407063624  ",3,1,21,24,90,89,9,53,17300,5,2017,17353,7,2017
"4252",460,"a0982000407069645  ",NA,0,8,NA,129,NA,9,NA,17298,5,2017,NA,NA,NA
"4253",461,"a0982000407069660  ",NA,0,13,NA,94,NA,9,NA,17298,5,2017,NA,NA,NA
"4290",24,"a0900043000135014  ",NA,0,30,NA,70,NA,10,NA,17354,7,2017,NA,NA,NA
"4291",25,"a0900043000135016  ",0,1,6,6,84,99,10,65,17352,7,2017,17417,9,2017
"4292",26,"a0900043000135024  ",0,1,33,33,71,80,10,68,17354,7,2017,17422,9,2017
"4293",27,"a0900043000135031  ",0,1,20,20,77,81,10,66,17353,7,2017,17419,9,2017
"4294",28,"a0900043000135072  ",NA,0,5,NA,60,NA,10,NA,17352,7,2017,NA,NA,NA
"4295",29,"a0900043000135091  ",2,1,24,26,91,100,10,66,17353,7,2017,17419,9,2017
"4296",30,"a0900043000135092  ",NA,0,11,NA,80,NA,10,NA,17352,7,2017,NA,NA,NA
"4297",31,"a0900043000135105  ",0,1,24,24,76,86,10,66,17353,7,2017,17419,9,2017
"4298",32,"a0900043000135110  ",NA,0,4,NA,85,NA,10,NA,17352,7,2017,NA,NA,NA
"4299",33,"a0900043000135127  ",NA,0,6,NA,73,NA,10,NA,17352,7,2017,NA,NA,NA
"4300",34,"a0900043000135144  ",NA,0,32,NA,75,NA,10,NA,17354,7,2017,NA,NA,NA
"4301",35,"a0900043000135148  ",3,1,8,11,101,107,10,65,17352,7,2017,17417,9,2017
"4302",36,"a0900043000135155  ",NA,0,29,NA,59,NA,10,NA,17354,7,2017,NA,NA,NA
"4303",37,"a0900043000135157  ",NA,0,19,NA,72,NA,10,NA,17353,7,2017,NA,NA,NA
"4304",38,"a0900043000135158  ",NA,0,19,NA,65,NA,10,NA,17353,7,2017,NA,NA,NA
"4305",39,"a0900043000135160  ",9,1,6,15,84,104,10,67,17352,7,2017,17419,9,2017
"4306",40,"a0900043000135172  ",NA,0,24,NA,75,NA,10,NA,17353,7,2017,NA,NA,NA
"4307",41,"a0900043000135175  ",NA,0,16,NA,61,NA,10,NA,17353,7,2017,NA,NA,NA
"4308",42,"a0900043000135195  ",NA,0,30,NA,64,NA,10,NA,17354,7,2017,NA,NA,NA
"4309",43,"a0900043000135206  ",NA,0,6,NA,64,NA,10,NA,17352,7,2017,NA,NA,NA
"4310",44,"a0900043000135241  ",4,1,26,30,73,87,10,69,17353,7,2017,17422,9,2017
"4311",45,"a0900043000135268  ",1,1,20,21,73,87,10,66,17353,7,2017,17419,9,2017
"4312",46,"a0900043000135289  ",NA,0,4,NA,77,NA,10,NA,17352,7,2017,NA,NA,NA
"4313",47,"a0900043000135290  ",0,1,12,12,77,84,10,65,17352,7,2017,17417,9,2017
"4314",48,"a0900043000135328  ",0,1,6,6,68,88,10,65,17352,7,2017,17417,9,2017
"4315",49,"a0900043000135336  ",NA,0,6,NA,82,NA,10,NA,17352,7,2017,NA,NA,NA
"4316",50,"a0900043000135337  ",NA,0,5,NA,63,NA,10,NA,17352,7,2017,NA,NA,NA
"4317",51,"a0900043000135342  ",0,1,30,30,65,74,10,68,17354,7,2017,17422,9,2017
"4318",52,"a0900043000135357  ",0,1,25,25,63,67,10,66,17353,7,2017,17419,9,2017
"4319",53,"a0900043000135389  ",1,1,7,8,93,105,10,65,17352,7,2017,17417,9,2017
"4320",54,"a0900043000135400  ",NA,0,22,NA,82,NA,10,NA,17353,7,2017,NA,NA,NA
"4321",55,"a0900043000135406  ",NA,0,6,NA,66,NA,10,NA,17352,7,2017,NA,NA,NA
"4322",56,"a0900043000135418  ",NA,0,29,NA,74,NA,10,NA,17354,7,2017,NA,NA,NA
"4323",57,"a0900043000135446  ",2,1,23,25,70,82,10,66,17353,7,2017,17419,9,2017
"4324",58,"a0900043000135448  ",NA,0,31,NA,103,NA,10,NA,17354,7,2017,NA,NA,NA
"4325",59,"a0900043000135470  ",1,1,17,18,107,115,10,66,17353,7,2017,17419,9,2017
"4326",60,"a0900043000135476  ",NA,0,4,NA,67,NA,10,NA,17352,7,2017,NA,NA,NA
"4327",61,"a0900043000135492  ",NA,0,16,NA,59,NA,10,NA,17353,7,2017,NA,NA,NA
"4379",113,"a0900067000077263  ",NA,0,15,NA,118,NA,10,NA,17352,7,2017,NA,NA,NA
"4388",122,"a0900067000080089  ",NA,0,35,NA,124,NA,10,NA,17354,7,2017,NA,NA,NA
"4401",135,"a0900067000080300  ",NA,0,34,NA,127,NA,10,NA,17354,7,2017,NA,NA,NA
"4402",136,"a0900067000080301  ",NA,0,31,NA,139,NA,10,NA,17354,7,2017,NA,NA,NA
"4406",140,"a0900067000080344  ",NA,0,2,NA,162,NA,10,NA,17352,7,2017,NA,NA,NA
"4427",161,"a0900067000080608  ",NA,0,30,NA,89,NA,10,NA,17354,7,2017,NA,NA,NA
"4431",165,"a0900067000080713  ",NA,0,18,NA,105,NA,10,NA,17353,7,2017,NA,NA,NA
"4471",205,"a0900067000085436  ",0,1,34,34,135,144,10,68,17354,7,2017,17422,9,2017
"4472",206,"a0900067000085449  ",NA,0,32,NA,100,NA,10,NA,17354,7,2017,NA,NA,NA
"4480",214,"a0900067000116704  ",0,1,15,15,117,122,10,67,17352,7,2017,17419,9,2017
"4483",217,"a0900067000116710  ",11,1,19,30,84,82,10,69,17353,7,2017,17422,9,2017
"4486",220,"a0900067000116729  ",NA,0,21,NA,86,NA,10,NA,17353,7,2017,NA,NA,NA
"4496",230,"a0900067000121902  ",1,1,29,30,95,108,10,68,17354,7,2017,17422,9,2017
"4500",234,"a0900067000121967  ",2,1,26,28,95,105,10,69,17353,7,2017,17422,9,2017
"4501",235,"a0900067000121978  ",-1,1,33,32,101,110,10,68,17354,7,2017,17422,9,2017
"4502",236,"a0900067000122082  ",1,1,17,18,96,104,10,66,17353,7,2017,17419,9,2017
"4503",237,"a0900067000122086  ",NA,0,24,NA,94,NA,10,NA,17353,7,2017,NA,NA,NA
"4516",250,"a0900067000122157  ",NA,0,26,NA,91,NA,10,NA,17353,7,2017,NA,NA,NA
"4521",255,"a0900067000122179  ",NA,0,7,NA,115,NA,10,NA,17352,7,2017,NA,NA,NA
"4525",259,"a0900067000122500  ",0,1,12,12,109,117,10,65,17352,7,2017,17417,9,2017
"4534",268,"a0900067000122549  ",NA,0,12,NA,92,NA,10,NA,17352,7,2017,NA,NA,NA
"4536",270,"a0900067000122562  ",7,1,8,15,108,130,10,67,17352,7,2017,17419,9,2017
"4537",271,"a0900067000124982  ",NA,0,24,NA,72,NA,10,NA,17353,7,2017,NA,NA,NA
"4540",274,"a0900067000125013  ",4,1,29,33,85,94,10,68,17354,7,2017,17422,9,2017
"4543",277,"a0900067000125041  ",NA,0,36,NA,86,NA,10,NA,17354,7,2017,NA,NA,NA
"4544",278,"a0900067000125043  ",-1,1,33,32,102,106,10,68,17354,7,2017,17422,9,2017
"4550",284,"a0900067000125185  ",1,1,25,26,73,76,10,66,17353,7,2017,17419,9,2017
"4551",285,"a0900067000125190  ",0,1,20,20,72,75,10,66,17353,7,2017,17419,9,2017
"4553",287,"a0900067000125193  ",0,1,30,30,76,79,10,68,17354,7,2017,17422,9,2017
"4558",292,"a0900067000125228  ",NA,0,24,NA,107,NA,10,NA,17353,7,2017,NA,NA,NA
"4565",299,"a0900067000125262  ",NA,0,34,NA,124,NA,10,NA,17354,7,2017,NA,NA,NA
"4569",303,"a0900067000125306  ",0,1,31,31,80,84,10,68,17354,7,2017,17422,9,2017
"4572",306,"a0900067000125327  ",0,1,33,33,89,102,10,68,17354,7,2017,17422,9,2017
"4575",309,"a0900067000125353  ",0,1,33,33,78,86,10,68,17354,7,2017,17422,9,2017
"4578",312,"a0900067000125378  ",NA,0,30,NA,76,NA,10,NA,17354,7,2017,NA,NA,NA
"4579",313,"a0900067000125380  ",NA,0,29,NA,68,NA,10,NA,17354,7,2017,NA,NA,NA
"4582",316,"a0900067000125400  ",NA,0,12,NA,81,NA,10,NA,17352,7,2017,NA,NA,NA
"4589",323,"a0900067000125813  ",NA,0,22,NA,92,NA,10,NA,17353,7,2017,NA,NA,NA
"4595",329,"a0900067000125851  ",-1,1,32,31,82,95,10,68,17354,7,2017,17422,9,2017
"4606",340,"a0982000403060057  ",NA,0,31,NA,111,NA,10,NA,17354,7,2017,NA,NA,NA
"4607",341,"a0982000403060058  ",-1,1,32,31,119,118,10,68,17354,7,2017,17422,9,2017
"4613",347,"a0982000403060111  ",NA,0,31,NA,118,NA,10,NA,17354,7,2017,NA,NA,NA
"4625",359,"a0982000403060462  ",0,1,15,15,118,120,10,67,17352,7,2017,17419,9,2017
"4645",379,"a0982000407050157  ",0,1,22,22,105,114,10,66,17353,7,2017,17419,9,2017
"4665",399,"a0982000407050472  ",NA,0,15,NA,110,NA,10,NA,17352,7,2017,NA,NA,NA
"4673",407,"a0982000407050535  ",NA,0,26,NA,108,NA,10,NA,17353,7,2017,NA,NA,NA
"4674",408,"a0982000407050536  ",NA,0,29,NA,73,NA,10,NA,17354,7,2017,NA,NA,NA
"4675",409,"a0982000407050553  ",NA,0,23,NA,89,NA,10,NA,17353,7,2017,NA,NA,NA
"4678",412,"a0982000407050739  ",1,1,32,33,108,108,10,68,17354,7,2017,17422,9,2017
"4679",413,"a0982000407050849  ",0,1,34,34,137,147,10,68,17354,7,2017,17422,9,2017
"4680",414,"a0982000407050862  ",-6,1,28,22,128,139,10,65,17354,7,2017,17419,9,2017
"4688",422,"a0982000407063137  ",1,1,7,8,109,125,10,65,17352,7,2017,17417,9,2017
"4691",425,"a0982000407063150  ",7,1,8,15,96,119,10,67,17352,7,2017,17419,9,2017
"4692",426,"a0982000407063159  ",NA,0,12,NA,74,NA,10,NA,17352,7,2017,NA,NA,NA
"4697",431,"a0982000407063175  ",0,1,8,8,107,114,10,65,17352,7,2017,17417,9,2017
"4707",441,"a0982000407063219  ",NA,0,37,NA,118,NA,10,NA,17354,7,2017,NA,NA,NA
"4714",448,"a0982000407063565  ",NA,0,20,NA,95,NA,10,NA,17353,7,2017,NA,NA,NA
"4717",451,"a0982000407063592  ",0,1,16,16,83,102,10,66,17353,7,2017,17419,9,2017
"4721",455,"a0982000407063611  ",NA,0,21,NA,98,NA,10,NA,17353,7,2017,NA,NA,NA
"4725",459,"a0982000407063624  ",5,1,24,29,89,92,10,69,17353,7,2017,17422,9,2017
"4765",25,"a0900043000135016  ",0,1,6,6,99,100,11,58,17417,9,2017,17475,11,2017
"4766",26,"a0900043000135024  ",0,1,33,33,80,88,11,53,17422,9,2017,17475,11,2017
"4767",27,"a0900043000135031  ",0,1,20,20,81,82,11,56,17419,9,2017,17475,11,2017
"4769",29,"a0900043000135091  ",NA,0,26,NA,100,NA,11,NA,17419,9,2017,NA,NA,NA
"4771",31,"a0900043000135105  ",NA,0,24,NA,86,NA,11,NA,17419,9,2017,NA,NA,NA
"4775",35,"a0900043000135148  ",-2,1,11,9,107,110,11,58,17417,9,2017,17475,11,2017
"4779",39,"a0900043000135160  ",0,1,15,15,104,107,11,54,17419,9,2017,17473,11,2017
"4784",44,"a0900043000135241  ",-4,1,30,26,87,96,11,53,17422,9,2017,17475,11,2017
"4785",45,"a0900043000135268  ",NA,0,21,NA,87,NA,11,NA,17419,9,2017,NA,NA,NA
"4787",47,"a0900043000135290  ",NA,0,12,NA,84,NA,11,NA,17417,9,2017,NA,NA,NA
"4788",48,"a0900043000135328  ",NA,0,6,NA,88,NA,11,NA,17417,9,2017,NA,NA,NA
"4791",51,"a0900043000135342  ",NA,0,30,NA,74,NA,11,NA,17422,9,2017,NA,NA,NA
"4792",52,"a0900043000135357  ",NA,0,25,NA,67,NA,11,NA,17419,9,2017,NA,NA,NA
"4793",53,"a0900043000135389  ",NA,0,8,NA,105,NA,11,NA,17417,9,2017,NA,NA,NA
"4797",57,"a0900043000135446  ",NA,0,25,NA,82,NA,11,NA,17419,9,2017,NA,NA,NA
"4799",59,"a0900043000135470  ",-7,1,18,11,115,122,11,56,17419,9,2017,17475,11,2017
"4802",62,"a0900043000135510  ",NA,0,9,NA,64,NA,11,NA,17417,9,2017,NA,NA,NA
"4803",63,"a0900043000135528  ",NA,0,26,NA,87,NA,11,NA,17419,9,2017,NA,NA,NA
"4804",64,"a0900043000135530  ",0,1,6,6,65,68,11,58,17417,9,2017,17475,11,2017
"4805",65,"a0900043000135542  ",NA,0,14,NA,62,NA,11,NA,17419,9,2017,NA,NA,NA
"4806",66,"a0900043000135564  ",NA,0,30,NA,55,NA,11,NA,17422,9,2017,NA,NA,NA
"4807",67,"a0900043000135569  ",NA,0,24,NA,68,NA,11,NA,17419,9,2017,NA,NA,NA
"4808",68,"a0900043000135570  ",NA,0,26,NA,62,NA,11,NA,17419,9,2017,NA,NA,NA
"4809",69,"a0900043000135572  ",0,1,9,9,75,76,11,58,17417,9,2017,17475,11,2017
"4810",70,"a0900043000135577  ",NA,0,6,NA,84,NA,11,NA,17417,9,2017,NA,NA,NA
"4811",71,"a0900043000135592  ",NA,0,12,NA,76,NA,11,NA,17417,9,2017,NA,NA,NA
"4812",72,"a0900043000135607  ",NA,0,6,NA,78,NA,11,NA,17417,9,2017,NA,NA,NA
"4813",73,"a0900043000135612  ",NA,0,24,NA,61,NA,11,NA,17419,9,2017,NA,NA,NA
"4814",74,"a0900043000135618  ",-1,1,12,11,66,74,11,58,17417,9,2017,17475,11,2017
"4815",75,"a0900043000135634  ",0,1,22,22,78,86,11,56,17419,9,2017,17475,11,2017
"4816",76,"a0900043000135638  ",NA,0,31,NA,70,NA,11,NA,17422,9,2017,NA,NA,NA
"4817",77,"a0900043000135642  ",NA,0,11,NA,65,NA,11,NA,17417,9,2017,NA,NA,NA
"4818",78,"a0900043000135645  ",-2,1,6,4,83,89,11,58,17417,9,2017,17475,11,2017
"4819",79,"a0900043000135651  ",NA,0,20,NA,90,NA,11,NA,17419,9,2017,NA,NA,NA
"4820",80,"a0900043000135654  ",0,1,26,26,89,90,11,56,17419,9,2017,17475,11,2017
"4821",81,"a0900043000135670  ",7,1,5,12,72,75,11,58,17417,9,2017,17475,11,2017
"4822",82,"a0900043000135671  ",1,1,14,15,97,104,11,54,17419,9,2017,17473,11,2017
"4823",83,"a0900043000135715  ",NA,0,17,NA,85,NA,11,NA,17419,9,2017,NA,NA,NA
"4824",84,"a0900043000135716  ",NA,0,34,NA,84,NA,11,NA,17422,9,2017,NA,NA,NA
"4825",85,"a0900043000135724  ",NA,0,31,NA,76,NA,11,NA,17422,9,2017,NA,NA,NA
"4826",86,"a0900043000135773  ",0,1,6,6,90,98,11,58,17417,9,2017,17475,11,2017
"4828",88,"a0900043000135785  ",NA,0,13,NA,82,NA,11,NA,17419,9,2017,NA,NA,NA
"4829",89,"a0900043000135799  ",NA,0,29,NA,74,NA,11,NA,17422,9,2017,NA,NA,NA
"4830",90,"a0900043000135829  ",NA,0,12,NA,51,NA,11,NA,17417,9,2017,NA,NA,NA
"4831",91,"a0900043000135871  ",0,1,20,20,70,77,11,56,17419,9,2017,17475,11,2017
"4832",92,"a0900043000135873  ",NA,0,19,NA,58,NA,11,NA,17419,9,2017,NA,NA,NA
"4833",93,"a0900043000135887  ",0,1,30,30,74,82,11,53,17422,9,2017,17475,11,2017
"4834",94,"a0900043000135894  ",NA,0,7,NA,68,NA,11,NA,17417,9,2017,NA,NA,NA
"4835",95,"a0900043000135895  ",NA,0,23,NA,59,NA,11,NA,17419,9,2017,NA,NA,NA
"4836",96,"a0900043000135914  ",NA,0,5,NA,59,NA,11,NA,17417,9,2017,NA,NA,NA
"4837",97,"a0900043000135923  ",0,1,22,22,98,105,11,56,17419,9,2017,17475,11,2017
"4838",98,"a0900043000135926  ",-1,1,14,13,65,66,11,54,17419,9,2017,17473,11,2017
"4839",99,"a0900043000135939  ",NA,0,27,NA,51,NA,11,NA,17419,9,2017,NA,NA,NA
"4840",100,"a0900043000135950  ",NA,0,4,NA,54,NA,11,NA,17417,9,2017,NA,NA,NA
"4841",101,"a0900043000135961  ",NA,0,5,NA,58,NA,11,NA,17417,9,2017,NA,NA,NA
"4842",102,"a0900043000135967  ",NA,0,6,NA,71,NA,11,NA,17417,9,2017,NA,NA,NA
"4860",120,"a0900067000077400  ",-2,1,26,24,105,105,11,56,17419,9,2017,17475,11,2017
"4945",205,"a0900067000085436  ",NA,0,34,NA,144,NA,11,NA,17422,9,2017,NA,NA,NA
"4954",214,"a0900067000116704  ",NA,0,15,NA,122,NA,11,NA,17419,9,2017,NA,NA,NA
"4955",215,"a0900067000116705  ",0,1,15,15,138,143,11,54,17419,9,2017,17473,11,2017
"4957",217,"a0900067000116710  ",1,1,30,31,82,89,11,53,17422,9,2017,17475,11,2017
"4961",221,"a0900067000116744  ",NA,0,31,NA,105,NA,11,NA,17422,9,2017,NA,NA,NA
"4969",229,"a0900067000121831  ",1,1,31,32,135,138,11,53,17422,9,2017,17475,11,2017
"4970",230,"a0900067000121902  ",NA,0,30,NA,108,NA,11,NA,17422,9,2017,NA,NA,NA
"4973",233,"a0900067000121953  ",-2,1,29,27,91,103,11,53,17422,9,2017,17475,11,2017
"4974",234,"a0900067000121967  ",-5,1,28,23,105,109,11,53,17422,9,2017,17475,11,2017
"4975",235,"a0900067000121978  ",5,1,32,37,110,115,11,54,17422,9,2017,17476,11,2017
"4976",236,"a0900067000122082  ",-3,1,18,15,104,111,11,54,17419,9,2017,17473,11,2017
"4978",238,"a0900067000122087  ",NA,0,21,NA,104,NA,11,NA,17419,9,2017,NA,NA,NA
"4988",248,"a0900067000122154  ",NA,0,29,NA,97,NA,11,NA,17422,9,2017,NA,NA,NA
"4989",249,"a0900067000122156  ",0,1,11,11,109,113,11,58,17417,9,2017,17475,11,2017
"4999",259,"a0900067000122500  ",NA,0,12,NA,117,NA,11,NA,17417,9,2017,NA,NA,NA
"5010",270,"a0900067000122562  ",16,1,15,31,130,134,11,56,17419,9,2017,17475,11,2017
"5014",274,"a0900067000125013  ",NA,0,33,NA,94,NA,11,NA,17422,9,2017,NA,NA,NA
"5015",275,"a0900067000125015  ",NA,0,27,NA,150,NA,11,NA,17419,9,2017,NA,NA,NA
"5018",278,"a0900067000125043  ",1,1,32,33,106,115,11,53,17422,9,2017,17475,11,2017
"5019",279,"a0900067000125055  ",0,1,24,24,74,78,11,56,17419,9,2017,17475,11,2017
"5024",284,"a0900067000125185  ",NA,0,26,NA,76,NA,11,NA,17419,9,2017,NA,NA,NA
"5025",285,"a0900067000125190  ",NA,0,20,NA,75,NA,11,NA,17419,9,2017,NA,NA,NA
"5027",287,"a0900067000125193  ",NA,0,30,NA,79,NA,11,NA,17422,9,2017,NA,NA,NA
"5028",288,"a0900067000125195  ",NA,0,20,NA,85,NA,11,NA,17419,9,2017,NA,NA,NA
"5040",300,"a0900067000125263  ",NA,0,31,NA,104,NA,11,NA,17422,9,2017,NA,NA,NA
"5041",301,"a0900067000125280  ",NA,0,21,NA,93,NA,11,NA,17419,9,2017,NA,NA,NA
"5043",303,"a0900067000125306  ",-2,1,31,29,84,85,11,53,17422,9,2017,17475,11,2017
"5046",306,"a0900067000125327  ",NA,0,33,NA,102,NA,11,NA,17422,9,2017,NA,NA,NA
"5049",309,"a0900067000125353  ",NA,0,33,NA,86,NA,11,NA,17422,9,2017,NA,NA,NA
"5054",314,"a0900067000125381  ",3,1,17,20,105,107,11,56,17419,9,2017,17475,11,2017
"5057",317,"a0900067000125416  ",NA,0,15,NA,109,NA,11,NA,17419,9,2017,NA,NA,NA
"5069",329,"a0900067000125851  ",NA,0,31,NA,95,NA,11,NA,17422,9,2017,NA,NA,NA
"5072",332,"a0900067000125863  ",1,1,29,30,95,98,11,53,17422,9,2017,17475,11,2017
"5081",341,"a0982000403060058  ",NA,0,31,NA,118,NA,11,NA,17422,9,2017,NA,NA,NA
"5099",359,"a0982000403060462  ",2,1,15,17,120,122,11,54,17419,9,2017,17473,11,2017
"5113",373,"a0982000407050098  ",0,1,28,28,119,132,11,53,17422,9,2017,17475,11,2017
"5119",379,"a0982000407050157  ",0,1,22,22,114,116,11,56,17419,9,2017,17475,11,2017
"5152",412,"a0982000407050739  ",-13,1,33,20,108,112,11,53,17422,9,2017,17475,11,2017
"5153",413,"a0982000407050849  ",NA,0,34,NA,147,NA,11,NA,17422,9,2017,NA,NA,NA
"5154",414,"a0982000407050862  ",NA,0,22,NA,139,NA,11,NA,17419,9,2017,NA,NA,NA
"5162",422,"a0982000407063137  ",NA,0,8,NA,125,NA,11,NA,17417,9,2017,NA,NA,NA
"5165",425,"a0982000407063150  ",16,1,15,31,119,122,11,56,17419,9,2017,17475,11,2017
"5171",431,"a0982000407063175  ",NA,0,8,NA,114,NA,11,NA,17417,9,2017,NA,NA,NA
"5176",436,"a0982000407063198  ",NA,0,7,NA,157,NA,11,NA,17417,9,2017,NA,NA,NA
"5191",451,"a0982000407063592  ",NA,0,16,NA,102,NA,11,NA,17419,9,2017,NA,NA,NA
"5199",459,"a0982000407063624  ",NA,0,29,NA,92,NA,11,NA,17422,9,2017,NA,NA,NA
"5215",1,"a0900043000125097  ",NA,0,26,NA,64,NA,12,NA,17475,11,2017,NA,NA,NA
"5216",2,"a0900043000125099  ",NA,0,33,NA,83,NA,12,NA,17475,11,2017,NA,NA,NA
"5217",3,"a0900043000125106  ",NA,0,30,NA,79,NA,12,NA,17475,11,2017,NA,NA,NA
"5218",4,"a0900043000125108  ",NA,0,24,NA,85,NA,12,NA,17475,11,2017,NA,NA,NA
"5219",5,"a0900043000125119  ",NA,0,12,NA,80,NA,12,NA,17475,11,2017,NA,NA,NA
"5220",6,"a0900043000125123  ",NA,0,18,NA,112,NA,12,NA,17473,11,2017,NA,NA,NA
"5221",7,"a0900043000125138  ",NA,0,18,NA,57,NA,12,NA,17473,11,2017,NA,NA,NA
"5222",8,"a0900043000125142  ",NA,0,19,NA,58,NA,12,NA,17473,11,2017,NA,NA,NA
"5223",9,"a0900043000125146  ",NA,0,18,NA,53,NA,12,NA,17473,11,2017,NA,NA,NA
"5224",10,"a0900043000125151  ",NA,0,33,NA,60,NA,12,NA,17475,11,2017,NA,NA,NA
"5225",11,"a0900043000125174  ",NA,0,9,NA,61,NA,12,NA,17475,11,2017,NA,NA,NA
"5226",12,"a0900043000125175  ",NA,0,24,NA,67,NA,12,NA,17475,11,2017,NA,NA,NA
"5227",13,"a0900043000125177  ",NA,0,14,NA,78,NA,12,NA,17473,11,2017,NA,NA,NA
"5228",14,"a0900043000125181  ",NA,0,31,NA,60,NA,12,NA,17475,11,2017,NA,NA,NA
"5229",15,"a0900043000125184  ",NA,0,33,NA,80,NA,12,NA,17475,11,2017,NA,NA,NA
"5239",25,"a0900043000135016  ",NA,0,6,NA,100,NA,12,NA,17475,11,2017,NA,NA,NA
"5240",26,"a0900043000135024  ",NA,0,33,NA,88,NA,12,NA,17475,11,2017,NA,NA,NA
"5241",27,"a0900043000135031  ",0,1,20,20,82,80,12,70,17475,11,2017,17545,1,2018
"5249",35,"a0900043000135148  ",2,1,9,11,110,107,12,68,17475,11,2017,17543,1,2018
"5253",39,"a0900043000135160  ",NA,0,15,NA,107,NA,12,NA,17473,11,2017,NA,NA,NA
"5254",40,"a0900043000135172  ",NA,0,24,NA,86,NA,12,NA,17475,11,2017,NA,NA,NA
"5258",44,"a0900043000135241  ",NA,0,26,NA,96,NA,12,NA,17475,11,2017,NA,NA,NA
"5260",46,"a0900043000135289  ",NA,0,20,NA,93,NA,12,NA,17475,11,2017,NA,NA,NA
"5269",55,"a0900043000135406  ",NA,0,15,NA,91,NA,12,NA,17473,11,2017,NA,NA,NA
"5273",59,"a0900043000135470  ",NA,0,11,NA,122,NA,12,NA,17475,11,2017,NA,NA,NA
"5278",64,"a0900043000135530  ",NA,0,6,NA,68,NA,12,NA,17475,11,2017,NA,NA,NA
"5283",69,"a0900043000135572  ",NA,0,9,NA,76,NA,12,NA,17475,11,2017,NA,NA,NA
"5288",74,"a0900043000135618  ",NA,0,11,NA,74,NA,12,NA,17475,11,2017,NA,NA,NA
"5289",75,"a0900043000135634  ",NA,0,22,NA,86,NA,12,NA,17475,11,2017,NA,NA,NA
"5292",78,"a0900043000135645  ",NA,0,4,NA,89,NA,12,NA,17475,11,2017,NA,NA,NA
"5294",80,"a0900043000135654  ",NA,0,26,NA,90,NA,12,NA,17475,11,2017,NA,NA,NA
"5295",81,"a0900043000135670  ",-1,1,12,11,75,74,12,68,17475,11,2017,17543,1,2018
"5296",82,"a0900043000135671  ",NA,0,15,NA,104,NA,12,NA,17473,11,2017,NA,NA,NA
"5300",86,"a0900043000135773  ",1,1,6,7,98,100,12,68,17475,11,2017,17543,1,2018
"5301",87,"a0900043000135776  ",NA,0,10,NA,79,NA,12,NA,17475,11,2017,NA,NA,NA
"5305",91,"a0900043000135871  ",NA,0,20,NA,77,NA,12,NA,17475,11,2017,NA,NA,NA
"5307",93,"a0900043000135887  ",0,1,30,30,82,82,12,74,17475,11,2017,17549,1,2018
"5311",97,"a0900043000135923  ",NA,0,22,NA,105,NA,12,NA,17475,11,2017,NA,NA,NA
"5312",98,"a0900043000135926  ",NA,0,13,NA,66,NA,12,NA,17473,11,2017,NA,NA,NA
"5334",120,"a0900067000077400  ",-1,1,24,23,105,107,12,70,17475,11,2017,17545,1,2018
"5350",136,"a0900067000080301  ",-3,1,37,34,142,143,12,73,17476,11,2017,17549,1,2018
"5379",165,"a0900067000080713  ",NA,0,17,NA,105,NA,12,NA,17473,11,2017,NA,NA,NA
"5429",215,"a0900067000116705  ",NA,0,15,NA,143,NA,12,NA,17473,11,2017,NA,NA,NA
"5431",217,"a0900067000116710  ",NA,0,31,NA,89,NA,12,NA,17475,11,2017,NA,NA,NA
"5443",229,"a0900067000121831  ",NA,0,32,NA,138,NA,12,NA,17475,11,2017,NA,NA,NA
"5447",233,"a0900067000121953  ",NA,0,27,NA,103,NA,12,NA,17475,11,2017,NA,NA,NA
"5448",234,"a0900067000121967  ",NA,0,23,NA,109,NA,12,NA,17475,11,2017,NA,NA,NA
"5449",235,"a0900067000121978  ",NA,0,37,NA,115,NA,12,NA,17476,11,2017,NA,NA,NA
"5450",236,"a0900067000122082  ",NA,0,15,NA,111,NA,12,NA,17473,11,2017,NA,NA,NA
"5451",237,"a0900067000122086  ",1,1,27,28,104,106,12,74,17475,11,2017,17549,1,2018
"5463",249,"a0900067000122156  ",NA,0,11,NA,113,NA,12,NA,17475,11,2017,NA,NA,NA
"5475",261,"a0900067000122515  ",NA,0,31,NA,103,NA,12,NA,17475,11,2017,NA,NA,NA
"5484",270,"a0900067000122562  ",NA,0,31,NA,134,NA,12,NA,17475,11,2017,NA,NA,NA
"5492",278,"a0900067000125043  ",NA,0,33,NA,115,NA,12,NA,17475,11,2017,NA,NA,NA
"5493",279,"a0900067000125055  ",0,1,24,24,78,76,12,70,17475,11,2017,17545,1,2018
"5503",289,"a0900067000125206  ",NA,0,22,NA,82,NA,12,NA,17475,11,2017,NA,NA,NA
"5509",295,"a0900067000125243  ",NA,0,20,NA,117,NA,12,NA,17475,11,2017,NA,NA,NA
"5517",303,"a0900067000125306  ",2,1,29,31,85,84,12,74,17475,11,2017,17549,1,2018
"5528",314,"a0900067000125381  ",NA,0,20,NA,107,NA,12,NA,17475,11,2017,NA,NA,NA
"5536",322,"a0900067000125812  ",NA,0,24,NA,95,NA,12,NA,17475,11,2017,NA,NA,NA
"5546",332,"a0900067000125863  ",-1,1,30,29,98,99,12,74,17475,11,2017,17549,1,2018
"5548",334,"a0982000403059652  ",0,1,11,11,76,77,12,68,17475,11,2017,17543,1,2018
"5549",335,"a0982000403059702  ",NA,0,12,NA,60,NA,12,NA,17475,11,2017,NA,NA,NA
"5573",359,"a0982000403060462  ",NA,0,17,NA,122,NA,12,NA,17473,11,2017,NA,NA,NA
"5587",373,"a0982000407050098  ",NA,0,28,NA,132,NA,12,NA,17475,11,2017,NA,NA,NA
"5593",379,"a0982000407050157  ",0,1,22,22,116,115,12,70,17475,11,2017,17545,1,2018
"5613",399,"a0982000407050472  ",NA,0,15,NA,121,NA,12,NA,17473,11,2017,NA,NA,NA
"5626",412,"a0982000407050739  ",NA,0,20,NA,112,NA,12,NA,17475,11,2017,NA,NA,NA
"5639",425,"a0982000407063150  ",-3,1,31,28,122,124,12,74,17475,11,2017,17549,1,2018
"5657",443,"a0982000407063224  ",NA,0,12,NA,110,NA,12,NA,17475,11,2017,NA,NA,NA
"5675",461,"a0982000407069660  ",NA,0,14,NA,126,NA,12,NA,17473,11,2017,NA,NA,NA
"5686",472,"a0982000407069748  ",2,1,20,22,108,105,12,70,17475,11,2017,17545,1,2018
"5704",16,"a0900043000134432  ",NA,0,12,NA,152,NA,13,NA,17545,1,2018,NA,NA,NA
"5705",17,"a0900043000134452  ",NA,0,13,NA,72,NA,13,NA,17545,1,2018,NA,NA,NA
"5706",18,"a0900043000134463  ",NA,0,12,NA,64,NA,13,NA,17543,1,2018,NA,NA,NA
"5707",19,"a0900043000134485  ",NA,0,23,NA,57,NA,13,NA,17545,1,2018,NA,NA,NA
"5708",20,"a0900043000134494  ",NA,0,22,NA,63,NA,13,NA,17545,1,2018,NA,NA,NA
"5709",21,"a0900043000134506  ",NA,0,19,NA,62,NA,13,NA,17545,1,2018,NA,NA,NA
"5710",22,"a0900043000134558  ",NA,0,31,NA,85,NA,13,NA,17549,1,2018,NA,NA,NA
"5711",23,"a0900043000134592  ",NA,0,22,NA,70,NA,13,NA,17545,1,2018,NA,NA,NA
"5715",27,"a0900043000135031  ",NA,0,20,NA,80,NA,13,NA,17545,1,2018,NA,NA,NA
"5719",31,"a0900043000135105  ",NA,0,24,NA,87,NA,13,NA,17545,1,2018,NA,NA,NA
"5723",35,"a0900043000135148  ",NA,0,11,NA,107,NA,13,NA,17543,1,2018,NA,NA,NA
"5741",53,"a0900043000135389  ",2,1,6,8,107,108,13,49,17543,1,2018,17592,3,2018
"5745",57,"a0900043000135446  ",NA,0,26,NA,88,NA,13,NA,17545,1,2018,NA,NA,NA
"5755",67,"a0900043000135569  ",NA,0,24,NA,70,NA,13,NA,17545,1,2018,NA,NA,NA
"5759",71,"a0900043000135592  ",NA,0,11,NA,80,NA,13,NA,17543,1,2018,NA,NA,NA
"5769",81,"a0900043000135670  ",0,1,11,11,74,73,13,49,17543,1,2018,17592,3,2018
"5774",86,"a0900043000135773  ",NA,0,7,NA,100,NA,13,NA,17543,1,2018,NA,NA,NA
"5777",89,"a0900043000135799  ",0,1,29,29,77,79,13,45,17549,1,2018,17594,3,2018
"5781",93,"a0900043000135887  ",NA,0,30,NA,82,NA,13,NA,17549,1,2018,NA,NA,NA
"5808",120,"a0900067000077400  ",NA,0,23,NA,107,NA,13,NA,17545,1,2018,NA,NA,NA
"5824",136,"a0900067000080301  ",1,1,34,35,143,152,13,45,17549,1,2018,17594,3,2018
"5894",206,"a0900067000085449  ",0,1,22,22,142,113,13,49,17545,1,2018,17594,3,2018
"5925",237,"a0900067000122086  ",-5,1,28,23,106,108,13,45,17549,1,2018,17594,3,2018
"5967",279,"a0900067000125055  ",NA,0,24,NA,76,NA,13,NA,17545,1,2018,NA,NA,NA
"5991",303,"a0900067000125306  ",0,1,31,31,84,86,13,45,17549,1,2018,17594,3,2018
"5995",307,"a0900067000125334  ",0,1,31,31,109,113,13,45,17549,1,2018,17594,3,2018
"5997",309,"a0900067000125353  ",2,1,31,33,92,92,13,45,17549,1,2018,17594,3,2018
"5999",311,"a0900067000125374  ",4,1,29,33,77,78,13,45,17549,1,2018,17594,3,2018
"6001",313,"a0900067000125380  ",NA,0,29,NA,78,NA,13,NA,17549,1,2018,NA,NA,NA
"6005",317,"a0900067000125416  ",NA,0,22,NA,112,NA,13,NA,17545,1,2018,NA,NA,NA
"6020",332,"a0900067000125863  ",NA,0,29,NA,99,NA,13,NA,17549,1,2018,NA,NA,NA
"6022",334,"a0982000403059652  ",0,1,11,11,77,77,13,49,17543,1,2018,17592,3,2018
"6067",379,"a0982000407050157  ",NA,0,22,NA,115,NA,13,NA,17545,1,2018,NA,NA,NA
"6113",425,"a0982000407063150  ",NA,0,28,NA,124,NA,13,NA,17549,1,2018,NA,NA,NA
"6119",431,"a0982000407063175  ",-6,1,14,8,120,122,13,47,17545,1,2018,17592,3,2018
"6139",451,"a0982000407063592  ",NA,0,13,NA,104,NA,13,NA,17545,1,2018,NA,NA,NA
"6160",472,"a0982000407069748  ",NA,0,22,NA,105,NA,13,NA,17545,1,2018,NA,NA,NA
