,mean,50%,2.50%,97.50%,Rhat,n.eff,PN,PP
b[1],3.251707393,3.252975,3.105130249,3.403772746,1.036389239,67,0,1
b[2],0.004526405,0.0020919,-0.115299825,0.127409425,1.017338291,120,0.484666667,0.515333333
b[3],0.059508898,0.059955,-0.110236,0.2230094,1.002634978,1100,0.238666667,0.761333333
b[4],0.627165085,0.623719494,0.384669508,0.878968507,1.009427991,1100,0,1
b[5],0.120485481,0.12267,-0.005163885,0.24025675,1.070422617,34,0.033333333,0.966666667
b[6],0.256086878,0.2553695,0.08124346,0.43257215,1.077326901,35,0.000666667,0.999333333
sigma,0.130083033,0.129993,0.124969375,0.135520825,1.001275547,1500,0,1
mu.phi,0.173178057,0.170691499,0.112050691,0.251684682,1.000597957,1500,0,1
sigma.phi,0.888806254,0.851650999,0.573768886,1.411003921,1.004141963,1500,0,1
mu,4.08431608,4.084165,4.076807,4.091831,1.00234483,850,0,1
loglik[1],-3.493548727,-3.495055,-3.69848775,-3.263851,1.016907393,120,1,0
loglik[4],-4.67356812,-4.66626,-4.9420535,-4.4386865,1.006889481,510,1,0
loglik[5],-4.771902913,-4.76521,-5.063068,-4.513879,1.006045907,650,1,0
loglik[13],-3.808220593,-3.810195,-3.97778725,-3.6158025,1.019943251,110,1,0
loglik[14],-5.308009773,-5.298845,-5.582355,-5.0816835,1.004519746,990,1,0
loglik[15],-8.063235853,-8.04721,-8.60562025,-7.580957,1.01579746,200,1,0
loglik[20],-3.71987742,-3.722605,-3.905388,-3.511428,1.018703248,110,1,0
loglik[21],-3.709885653,-3.71182,-3.8875705,-3.50838175,1.019303549,110,1,0
loglik[24],-3.591883653,-3.593765,-3.7832605,-3.3775725,1.018012151,110,1,0
loglik[27],-5.50992134,-5.50125,-5.6371345,-5.42613675,1.0220654,100,1,0
loglik[40],-8.161538933,-8.13012,-8.9437385,-7.57457625,1.005868166,1500,1,0
loglik[41],-3.670551753,-3.67336,-3.85467375,-3.4632755,1.018916318,110,1,0
loglik[44],-5.02757392,-5.02105,-5.377126,-4.7124715,1.004717618,1100,1,0
loglik[47],-5.49854828,-5.489185,-5.64687925,-5.4051645,1.004897542,590,1,0
loglik[54],-5.175234753,-5.167885,-5.5469785,-4.84255575,1.004474794,1300,1,0
loglik[55],-4.59490018,-4.589775,-4.84755,-4.37416275,1.007755738,420,1,0
loglik[56],-4.732569253,-4.725245,-5.014409,-4.48433725,1.006354953,590,1,0
loglik[59],-7.32342554,-7.30182,-7.8493415,-6.9343565,1.020725325,100,1,0
loglik[60],-5.63768094,-5.627235,-5.836524,-5.5060975,1.020584846,100,1,0
loglik[62],-3.690218667,-3.692345,-3.87133375,-3.4849605,1.019117274,110,1,0
loglik[64],-3.690218667,-3.692345,-3.87133375,-3.4849605,1.019117274,110,1,0
loglik[66],-3.81118692,-3.81487,-3.98294225,-3.62140825,1.020020867,110,1,0
loglik[67],-3.850520887,-3.85436,-4.02022775,-3.665843,1.019972328,110,1,0
loglik[74],-5.01378424,-5.0077,-5.17724975,-4.88582325,1.006672696,430,1,0
loglik[109],-5.808228173,-5.805065,-5.847684,-5.788468,1.060160441,52,1,0
loglik[144],-4.747356953,-4.746415,-4.786826,-4.71552125,1.031836124,67,1,0
loglik[178],-3.948983887,-3.948305,-4.080903,-3.81949025,1.02530446,88,1,0
loglik[181],-5.167360107,-5.165075,-5.31479525,-5.03137975,1.028364796,77,1,0
loglik[209],-4.184987627,-4.185925,-4.29132575,-4.07335525,1.051195498,45,1,0
loglik[214],-4.833998427,-4.833575,-5.03626675,-4.63258025,1.029913437,74,1,0
loglik[224],-7.637494387,-7.63024,-7.91958075,-7.40389125,1.055208381,43,1,0
loglik[277],-4.774997473,-4.77352,-4.9625565,-4.58455525,1.032472911,68,1,0
loglik[312],-5.168337167,-5.164975,-5.45750475,-4.89088275,1.02045655,110,1,0
loglik[397],-5.43160924,-5.42889,-5.47954175,-5.397524,1.04280734,61,1,0
loglik[493],-4.047318847,-4.0484,-4.16668075,-3.92893675,1.035948261,63,1,0
loglik[549],-3.83098188,-3.83028,-3.98374025,-3.6790365,1.015979112,140,1,0
loglik[553],-3.929316927,-3.92814,-4.0625835,-3.79664175,1.023471524,95,1,0
loglik[559],-4.066985953,-4.067655,-4.18208775,-3.949589,1.038273866,59,1,0
loglik[588],-6.192664933,-6.188235,-6.348587,-6.05892275,1.035573094,68,1,0
loglik[595],-3.752313967,-3.7516,-3.9238745,-3.580274,1.011766091,200,1,0
loglik[675],-3.909649833,-3.90799,-4.046545,-3.773859,1.021752129,100,1,0
loglik[739],-4.01722534,-4.017325,-4.216069,-3.8248595,1.028323726,86,1,0
loglik[742],-19.6544412,-19.6345,-23.0398825,-16.486055,1.005512645,390,1,0
loglik[750],-3.986755253,-3.98677,-4.15957525,-3.82068425,1.034163145,71,1,0
loglik[751],-4.050788573,-4.05148,-4.21710825,-3.88833525,1.035359789,69,1,0
loglik[760],-4.038857953,-4.039985,-4.22613825,-3.8592915,1.030920316,79,1,0
loglik[773],-4.763727093,-4.76222,-4.8138235,-4.72417775,1.035148851,66,1,0
loglik[779],-4.79470002,-4.78627,-4.92707225,-4.70975925,1.005413504,520,1,0
loglik[780],-4.78739742,-4.7802,-4.8991155,-4.7141565,1.007169368,370,1,0
loglik[794],-5.443043473,-5.43824,-5.519982,-5.39372275,1.04411122,67,1,0
loglik[799],-4.768234,-4.763845,-4.84030775,-4.71686175,1.015075825,160,1,0
loglik[808],-4.062719333,-4.06434,-4.21186575,-3.91550325,1.038246694,63,1,0
loglik[838],-5.388955513,-5.38641,-5.4110255,-5.38204,1.060798692,59,1,0
loglik[850],-4.297984227,-4.29825,-4.39510625,-4.19671975,1.067548641,37,1,0
loglik[894],-4.24391384,-4.246005,-4.336964,-4.14600275,1.071202463,35,1,0
loglik[905],-4.31208954,-4.306855,-4.53698025,-4.09115575,1.017332998,130,1,0
loglik[944],-4.889898233,-4.881655,-5.05441225,-4.762269,1.00892541,230,1,0
loglik[1015],-4.258783247,-4.25777,-4.387143,-4.12989075,1.037957975,60,1,0
loglik[1055],-7.65671986,-7.654765,-7.9377015,-7.406746,1.06053716,41,1,0
loglik[1056],-5.390841447,-5.38693,-5.42351775,-5.38204,1.053241738,93,1,0
loglik[1065],-4.238800613,-4.241285,-4.33300375,-4.138922,1.070456805,35,1,0
loglik[1083],-4.223461127,-4.22349,-4.3296545,-4.10777675,1.053758338,44,1,0
loglik[1084],-4.858304087,-4.85101,-4.99098275,-4.7546285,1.011400326,180,1,0
loglik[1086],-4.80702914,-4.80567,-4.85957225,-4.76012475,1.039644516,57,1,0
loglik[1110],-4.28434918,-4.28699,-4.37812975,-4.183943,1.069519047,36,1,0
loglik[1114],-5.38964738,-5.38799,-5.40793625,-5.38206475,1.070934331,41,1,0
loglik[1121],-4.822896133,-4.821205,-4.88889875,-4.767786,1.028372722,77,1,0
loglik[1208],-4.28822796,-4.28272,-4.45211925,-4.127001,1.028382574,83,1,0
loglik[1210],-4.223461127,-4.22349,-4.3296545,-4.10777675,1.053758338,44,1,0
loglik[1211],-4.30697646,-4.30339,-4.519587,-4.10080875,1.019037725,120,1,0
loglik[1217],-4.279706053,-4.275205,-4.42193875,-4.1344795,1.034977574,68,1,0
loglik[1218],-4.82943542,-4.8269,-4.88558275,-4.779087,1.044989498,53,1,0
loglik[1225],-4.27629732,-4.27275,-4.41065,-4.138291,1.038155719,62,1,0
loglik[1231],-4.223461127,-4.22349,-4.3296545,-4.10777675,1.053758338,44,1,0
loglik[1233],-4.201304047,-4.20047,-4.35411,-4.05769125,1.027805461,80,1,0
loglik[1238],-4.249027033,-4.24964,-4.34448525,-4.15026475,1.068896683,36,1,0
loglik[1240],-4.21834792,-4.21732,-4.33471375,-4.09824,1.046614332,50,1,0
loglik[1317],-3.91670668,-3.916025,-4.075603,-3.767668,1.030176223,88,1,0
loglik[1320],-3.93034184,-3.929495,-4.07065175,-3.78982225,1.029721685,85,1,0
loglik[1321],-4.721031,-4.719245,-4.756272,-4.69568675,1.020049574,110,1,0
loglik[1325],-3.971247093,-3.96936,-4.131423,-3.81381475,1.010949745,180,1,0
loglik[1330],-3.989995453,-3.98746,-4.189263,-3.80816675,1.005596622,360,1,0
loglik[1333],-6.890486607,-6.858975,-7.5053455,-6.41007575,1.000828415,1500,1,0
loglik[1334],-4.715612107,-4.713255,-4.7548,-4.692169,1.027888322,110,1,0
loglik[1336],-10.2767937,-10.26305,-11.09256,-9.52220375,1.033811843,81,1,0
loglik[1337],-10.8070139,-10.7956,-11.74115,-9.98257175,1.014122898,150,1,0
loglik[1338],-4.718441747,-4.71658,-4.75314675,-4.69416425,1.024775127,100,1,0
loglik[1343],-3.903071347,-3.90167,-4.082408,-3.728975,1.027543207,99,1,0
loglik[1349],-3.92011542,-3.91956,-4.0736635,-3.773749,1.030447718,86,1,0
loglik[1352],-3.91841106,-3.918115,-4.07535525,-3.77109075,1.030338863,87,1,0
loglik[1364],-15.141684,-15.11785,-17.249355,-13.2856,1.028208188,99,1,0
loglik[1371],-4.088830867,-4.093995,-4.21752575,-3.93966275,1.102385049,25,1,0
loglik[1378],-4.072037033,-4.07812,-4.201708,-3.9242845,1.103916947,25,1,0
loglik[1394],-4.05482648,-4.06001,-4.1871215,-3.911594,1.104462077,25,1,0
loglik[1395],-4.05653082,-4.060375,-4.18865925,-3.913136,1.104353236,25,1,0
loglik[1402],-5.45053496,-5.44402,-5.526232,-5.40579225,1.109321234,26,1,0
loglik[1404],-4.13680396,-4.1275,-4.3617105,-3.92798975,1.041238176,55,1,0
loglik[1415],-4.04570398,-4.04614,-4.1828795,-3.90105025,1.098666474,26,1,0
loglik[1434],-4.74443896,-4.7437,-4.78718025,-4.7081975,1.097787223,26,1,0
loglik[1439],-13.55717347,-13.4814,-15.1850475,-12.30237,1.078577791,33,1,0
loglik[1444],-4.764188493,-4.760895,-4.81954125,-4.720125,1.081327216,30,1,0
loglik[1451],-14.5708598,-14.5071,-16.007455,-13.384885,1.107021758,24,1,0
loglik[1455],-4.750722273,-4.75008,-4.7953255,-4.712247,1.098251817,26,1,0
loglik[1461],-10.02244433,-9.977125,-10.7976375,-9.4195615,1.107100991,25,1,0
loglik[1470],-4.05653082,-4.060375,-4.18865925,-3.913136,1.104353236,25,1,0
loglik[1471],-4.063515147,-4.070045,-4.192271,-3.909667,1.098432113,26,1,0
loglik[1472],-4.748171647,-4.74786,-4.79066525,-4.7094595,1.095210549,26,1,0
loglik[1478],-14.73598987,-14.6461,-16.361155,-13.530855,1.099035576,27,1,0
loglik[1480],-4.0394869,-4.045685,-4.1708975,-3.88163025,1.094895082,27,1,0
loglik[1487],-4.732338853,-4.731295,-4.7741955,-4.69797475,1.074069985,32,1,0
loglik[1499],-4.0394869,-4.045685,-4.1708975,-3.88163025,1.094895082,27,1,0
loglik[1506],-4.753982727,-4.752205,-4.80139875,-4.7140785,1.092892066,27,1,0
loglik[1507],-4.102549467,-4.09454,-4.29562925,-3.92000725,1.053881436,43,1,0
loglik[1512],-4.764188493,-4.760895,-4.81954125,-4.720125,1.081327216,30,1,0
loglik[1513],-5.434670427,-5.42784,-5.53683875,-5.38317375,1.046238535,60,1,0
loglik[1528],-7.412273207,-7.41273,-7.7986945,-7.07047325,1.078780656,31,1,0
loglik[1531],-7.481356373,-7.460005,-7.852258,-7.183727,1.107919462,24,1,0
loglik[1546],-3.995222913,-4.00051,-4.128051,-3.8351515,1.092915836,27,1,0
loglik[1547],-4.75019988,-4.749965,-4.7947205,-4.71193375,1.098217666,26,1,0
loglik[1555],-6.10529956,-6.094695,-6.274233,-5.9857295,1.107970635,25,1,0
loglik[1557],-8.095894927,-8.073875,-8.55683575,-7.72385975,1.107535659,24,1,0
loglik[1560],-4.0224431,-4.02729,-4.1802045,-3.84426525,1.072345041,35,1,0
loglik[1564],-4.750542233,-4.750125,-4.79772925,-4.70842275,1.079048473,31,1,0
loglik[1566],-4.041191327,-4.047695,-4.17140375,-3.88589425,1.096741039,26,1,0
loglik[1581],-4.10595818,-4.09712,-4.304566,-3.91673475,1.05034635,46,1,0
loglik[1586],-4.732725327,-4.73192,-4.77387775,-4.69840325,1.076798331,31,1,0
loglik[1589],-4.75397588,-4.75279,-4.807962,-4.70739,1.063584197,37,1,0
loglik[1601],-4.035477547,-4.039325,-4.16760925,-3.89208075,1.10435324,25,1,0
loglik[1612],-4.08831366,-4.079045,-4.29781175,-3.8944155,1.047066821,49,1,0
loglik[1627],-4.039653533,-4.04497,-4.20207425,-3.855378,1.067784584,37,1,0
loglik[1661],-4.04800908,-4.053175,-4.17670575,-3.89884275,1.102384527,25,1,0
loglik[1700],-4.07357478,-4.07105,-4.2197515,-3.9271785,1.091160046,27,1,0
loglik[1724],-4.030964953,-4.035125,-4.1746825,-3.86435375,1.084087698,30,1,0
loglik[1735],-4.063348533,-4.06519,-4.199218,-3.91965425,1.101445308,25,1,0
loglik[1737],-4.068461633,-4.068175,-4.20617875,-3.9233465,1.097003572,26,1,0
loglik[1745],-4.041191327,-4.047695,-4.17140375,-3.88589425,1.096741039,26,1,0
loglik[1747],-14.07124867,-13.98735,-15.58495,-12.949665,1.099062164,27,1,0
loglik[1749],-4.05993968,-4.06342,-4.1931325,-3.9161555,1.103375856,25,1,0
loglik[1751],-5.446245153,-5.44047,-5.5145605,-5.402976,1.112282376,24,1,0
loglik[1757],-7.434267907,-7.43097,-7.8024735,-7.1116365,1.092453483,27,1,0
loglik[1768],-4.061810593,-4.068315,-4.19202375,-3.9065095,1.096741027,26,1,0
loglik[1774],-10.31120203,-10.3113,-11.64446,-9.1951925,1.037324995,63,1,0
loglik[1778],-4.05499316,-4.06054,-4.19475075,-3.89332325,1.088644969,29,1,0
loglik[1785],-4.030964953,-4.035125,-4.1746825,-3.86435375,1.084087698,30,1,0
loglik[1787],-4.733118427,-4.732495,-4.77280125,-4.698749,1.079460127,30,1,0
loglik[1788],-4.036078287,-4.042075,-4.1711075,-3.8753225,1.090826282,28,1,0
loglik[1793],-4.015625553,-4.019785,-4.183451,-3.8259665,1.06340692,39,1,0
loglik[1794],-4.764933367,-4.76434,-4.81375025,-4.721809,1.098202566,26,1,0
loglik[1798],-4.74531538,-4.74481,-4.78832675,-4.7056385,1.083511536,29,1,0
loglik[1804],-4.07178702,-4.07595,-4.2155025,-3.90517375,1.084086963,30,1,0
loglik[1808],-4.036078287,-4.042075,-4.1711075,-3.8753225,1.090826282,28,1,0
loglik[1815],-4.073491467,-4.078385,-4.2158455,-3.91025325,1.086391966,29,1,0
loglik[1820],-4.0071537,-4.012965,-4.13598625,-3.858828,1.103269929,25,1,0
loglik[1828],-4.030964953,-4.035125,-4.1746825,-3.86435375,1.084087698,30,1,0
loglik[1831],-4.044600147,-4.050585,-4.17237075,-3.893062,1.099949409,26,1,0
loglik[1832],-3.986701113,-3.99071,-4.13338175,-3.81818375,1.08174753,31,1,0
loglik[1834],-4.049713267,-4.055525,-4.17854625,-3.901388,1.103270039,25,1,0
loglik[1837],-4.744861313,-4.744515,-4.78851175,-4.70522375,1.081003003,30,1,0
loglik[1842],-4.73433716,-4.73401,-4.77289875,-4.70021475,1.086792591,28,1,0
loglik[1843],-4.74441362,-4.743875,-4.789674,-4.704788,1.078397372,31,1,0
loglik[1844],-6.212317967,-6.198455,-6.43072675,-6.0612935,1.098310191,27,1,0
loglik[1848],-4.74531538,-4.74481,-4.78832675,-4.7056385,1.083511536,29,1,0
loglik[1849],-4.74397234,-4.743175,-4.790016,-4.7042395,1.07572772,32,1,0
loglik[1861],-4.030964953,-4.035125,-4.1746825,-3.86435375,1.084087698,30,1,0
loglik[1871],-4.124529627,-4.1244,-4.26051775,-3.9717625,1.025553135,91,1,0
loglik[1872],-4.160249807,-4.160755,-4.315076,-4.00312075,1.015408957,130,1,0
loglik[1875],-6.065690167,-6.06031,-6.22995025,-5.94895925,1.036722834,78,1,0
loglik[1877],-6.053060687,-6.04801,-6.2093085,-5.9401045,1.029935877,90,1,0
loglik[1881],-4.182406913,-4.181575,-4.3814985,-3.9967675,1.007966548,250,1,0
loglik[1891],-4.182406913,-4.181575,-4.3814985,-3.9967675,1.007966548,250,1,0
loglik[1893],-4.121048753,-4.1202,-4.26706825,-3.961726,1.031031662,84,1,0
loglik[1894],-4.109190107,-4.108875,-4.24819925,-3.94918925,1.030574487,83,1,0
loglik[1895],-4.144910267,-4.14515,-4.2806455,-3.992206,1.023092463,98,1,0
loglik[1905],-11.45798711,-11.4238,-12.8783025,-10.14764,1.005177496,390,1,0
loglik[1913],-4.092146173,-4.09202,-4.26170475,-3.921535,1.030592382,90,1,0
loglik[1919],-14.24870967,-14.2137,-16.345835,-12.42386,1.028261992,100,1,0
loglik[1922],-4.12616194,-4.12529,-4.26445575,-3.967673,1.030250514,84,1,0
loglik[1930],-4.764361067,-4.76137,-4.83686425,-4.7115195,1.025363226,120,1,0
loglik[1931],-4.768309387,-4.76572,-4.8313095,-4.717336,1.026850314,100,1,0
loglik[1944],-4.773780327,-4.771645,-4.826839,-4.72437075,1.025661424,93,1,0
loglik[1948],-4.434839373,-4.4396,-4.57979525,-4.27814225,1.105578295,24,1,0
loglik[1985],-4.482562153,-4.47385,-4.68811225,-4.29086475,1.056534704,41,1,0
loglik[2024],-5.387384007,-5.385465,-5.40239725,-5.38203,1.058504192,57,1,0
loglik[2035],-4.902993033,-4.903965,-4.981506,-4.82644,1.102866913,25,1,0
loglik[2053],-10.72421363,-10.67645,-11.6083925,-10.0159425,1.108991517,24,1,0
loglik[2119],-4.902698173,-4.90498,-4.97836575,-4.82201425,1.095635086,26,1,0
loglik[2180],-4.422908587,-4.430085,-4.562312,-4.2602065,1.102070649,25,1,0
loglik[2231],-4.384448353,-4.391405,-4.5507675,-4.19424075,1.075233408,34,1,0
loglik[2234],-4.912443313,-4.91437,-4.99655625,-4.82391475,1.083662497,30,1,0
loglik[2257],-4.470230213,-4.473115,-4.6165845,-4.31580575,1.102920081,25,1,0
loglik[2269],-4.43273374,-4.439135,-4.59245025,-4.24653625,1.08177045,31,1,0
loglik[2273],-4.431029153,-4.43696,-4.5940055,-4.242889,1.079587574,32,1,0
loglik[2358],-4.384448353,-4.391405,-4.5507675,-4.19424075,1.075233408,34,1,0
loglik[2420],-4.742329333,-4.73798,-4.80758525,-4.7000385,1.006057354,330,1,0
loglik[2421],-3.972122207,-3.97201,-4.1051625,-3.84176375,1.028849374,82,1,0
loglik[2422],-4.722083053,-4.71976,-4.76632875,-4.69455275,1.02957491,100,1,0
loglik[2425],-5.463320127,-5.459765,-5.5376885,-5.4091405,1.018661181,130,1,0
loglik[2426],-4.742329333,-4.73798,-4.80758525,-4.7000385,1.006057354,330,1,0
loglik[2428],-4.006159613,-4.002425,-4.202031,-3.82498525,1.006057086,330,1,0
loglik[2429],-3.95678288,-3.956955,-4.105245,-3.8153385,1.031730567,80,1,0
loglik[2431],-4.733540867,-4.731355,-4.7772935,-4.7018965,1.015249231,140,1,0
loglik[2439],-4.72194774,-4.717845,-4.77998075,-4.690379,1.025929191,140,1,0
loglik[2444],-3.949728513,-3.94992,-4.140337,-3.76758125,1.026892325,98,1,0
loglik[2454],-7.06317032,-7.05306,-7.45420175,-6.7289455,1.03232897,85,1,0
loglik[2457],-4.703416487,-4.69929,-4.74468875,-4.68893475,1.031930753,170,1,0
loglik[2460],-3.965304707,-3.965045,-4.104051,-3.83197125,1.030941486,79,1,0
loglik[2461],-4.7297421,-4.72784,-4.768533,-4.700916,1.022113375,100,1,0
loglik[2464],-4.70370512,-4.70012,-4.742997,-4.68900475,1.032092031,160,1,0
loglik[2469],-5.53460538,-5.530585,-5.63122825,-5.45820475,1.035099723,79,1,0
loglik[2478],-4.707418887,-4.70543,-4.73685525,-4.69045375,1.029248186,95,1,0
loglik[2481],-4.704997473,-4.7023,-4.73889125,-4.68925425,1.03216781,120,1,0
loglik[2483],-3.961895973,-3.96231,-4.1060105,-3.8267835,1.031497132,79,1,0
loglik[2485],-3.846072353,-3.84622,-4.0310905,-3.66757375,1.02738318,96,1,0
loglik[2486],-3.835845953,-3.834245,-4.04302025,-3.63870625,1.024435733,110,1,0
loglik[2491],-4.7177647,-4.713205,-4.776201,-4.6893995,1.025755219,160,1,0
loglik[2493],-3.92439934,-3.9228,-4.13157025,-3.72725625,1.02443655,110,1,0
loglik[2497],-4.721169953,-4.71844,-4.76646175,-4.693038,1.029068086,110,1,0
loglik[2506],-4.7783305,-4.777345,-4.818001,-4.742533,1.070029634,35,1,0
loglik[2519],-5.42234594,-5.41949,-5.4698285,-5.391441,1.058418778,47,1,0
loglik[2522],-4.149005593,-4.15188,-4.24285975,-4.04738275,1.078743483,32,1,0
loglik[2526],-4.16264062,-4.16177,-4.270253,-4.05261975,1.068834294,36,1,0
loglik[2533],-14.8906204,-14.86925,-16.1042625,-13.8913525,1.065670039,38,1,0
loglik[2536],-4.115647653,-4.11694,-4.21889475,-3.999146,1.065886442,37,1,0
loglik[2538],-8.562049833,-8.549355,-8.9222445,-8.2513275,1.079785044,32,1,0
loglik[2544],-4.05888814,-4.060785,-4.154024,-3.95802875,1.078033248,32,1,0
loglik[2546],-4.129282587,-4.13234,-4.223472,-4.02668075,1.078554151,32,1,0
loglik[2547],-8.000806753,-7.9935,-8.37231425,-7.70113975,1.061379778,40,1,0
loglik[2552],-4.0452531,-4.04722,-4.14205125,-3.9336785,1.072502277,34,1,0
loglik[2554],-4.13269152,-4.13516,-4.22702725,-4.031066,1.078566384,32,1,0
loglik[2555],-4.12343976,-4.123475,-4.244956,-3.99759475,1.050827395,46,1,0
loglik[2563],-4.770658087,-4.76906,-4.82018025,-4.72898125,1.039758021,56,1,0
loglik[2572],-4.110534393,-4.11072,-4.22063325,-3.9889145,1.058354088,41,1,0
loglik[2573],-6.727377767,-6.72158,-6.926129,-6.572935,1.071259973,35,1,0
loglik[2583],-4.127578273,-4.13091,-4.2210715,-4.02372475,1.077999311,32,1,0
loglik[2585],-4.13707478,-4.138835,-4.23701125,-4.0239385,1.070467228,35,1,0
loglik[2595],-7.371682573,-7.365065,-7.6792585,-7.1096935,1.052137961,47,1,0
loglik[2601],-6.06296744,-6.05918,-6.18583075,-5.9701505,1.065449801,38,1,0
loglik[2611],-4.807209747,-4.806445,-4.8537925,-4.7614555,1.058125077,41,1,0
loglik[2632],-4.811273473,-4.811555,-4.8526515,-4.768547,1.072186921,34,1,0
loglik[2638],-4.23793656,-4.239835,-4.33306925,-4.1370735,1.078032134,32,1,0
loglik[2661],-4.2328233,-4.23588,-4.327022,-4.13022075,1.078553969,32,1,0
loglik[2662],-4.124169507,-4.12655,-4.219882,-4.01736075,1.075852617,33,1,0
loglik[2665],-4.154118633,-4.155775,-4.25163875,-4.0513465,1.077159763,33,1,0
loglik[2669],-4.78431132,-4.783525,-4.82437525,-4.74800325,1.071947812,34,1,0
loglik[2671],-4.05614928,-4.05672,-4.16420175,-3.9360465,1.06090465,40,1,0
loglik[2672],-4.7644792,-4.76188,-4.8090725,-4.726541,1.048751315,48,1,0
loglik[2674],-4.035026767,-4.035215,-4.14512325,-3.91340925,1.058354127,41,1,0
loglik[2681],-4.127578273,-4.13091,-4.2210715,-4.02372475,1.077999311,32,1,0
loglik[2682],-4.773956087,-4.77415,-4.809381,-4.74001375,1.07608483,33,1,0
loglik[2685],-3.904141347,-3.897295,-4.122521,-3.70866975,1.022494987,110,1,0
loglik[2687],-3.89221052,-3.886185,-4.08456225,-3.7173385,1.028647336,82,1,0
loglik[2688],-3.856418307,-3.85664,-4.00801575,-3.70711375,1.049744233,47,1,0
loglik[2689],-3.8308525,-3.83513,-3.998103,-3.661858,1.048941489,48,1,0
loglik[2691],-3.89221052,-3.886185,-4.08456225,-3.7173385,1.028647336,82,1,0
loglik[2692],-6.996962047,-6.995795,-7.374555,-6.6566345,1.026400177,82,1,0
loglik[2696],-3.86494022,-3.863975,-4.02064475,-3.71594425,1.045746807,50,1,0
loglik[2697],-4.70306286,-4.700875,-4.73241775,-4.68899475,1.059980321,46,1,0
loglik[2698],-5.540105593,-5.535405,-5.66005075,-5.44403925,1.032233585,67,1,0
loglik[2700],-3.93482036,-3.926405,-4.21684275,-3.67711075,1.012509988,210,1,0
loglik[2708],-3.923457513,-3.927815,-4.08535275,-3.76489225,1.051351788,45,1,0
loglik[2713],-3.871757867,-3.870065,-4.0377295,-3.717241,1.041620296,55,1,0
loglik[2714],-4.702081947,-4.6999,-4.732572,-4.68894475,1.055762734,50,1,0
loglik[2718],-3.762750973,-3.76605,-3.98224925,-3.55131325,1.033268184,69,1,0
loglik[2721],-5.61253268,-5.60129,-5.788159,-5.4793025,1.045688078,55,1,0
loglik[2722],-3.81892168,-3.82327,-4.0050165,-3.637489,1.043500794,54,1,0
loglik[2723],-5.576581993,-5.56692,-5.72839,-5.4640695,1.049419,51,1,0
loglik[2725],-3.89221052,-3.886185,-4.08456225,-3.7173385,1.028647336,82,1,0
loglik[2726],-3.81551302,-3.819155,-4.005991,-3.62998275,1.041753948,56,1,0
loglik[2736],-4.701160607,-4.698385,-4.73330525,-4.68894,1.049199921,59,1,0
loglik[2739],-3.899028087,-3.893475,-4.10503575,-3.714377,1.02495827,95,1,0
loglik[2740],-3.8581227,-3.857205,-4.01102675,-3.70947975,1.049085955,47,1,0
loglik[2746],-3.895619387,-3.890365,-4.09316675,-3.71522975,1.026745508,88,1,0
loglik[2749],-3.861531493,-3.860905,-4.014256,-3.7135755,1.04754329,49,1,0
loglik[2752],-3.771272893,-3.775205,-3.9756275,-3.57075225,1.037381962,62,1,0
loglik[2760],-3.937092613,-3.93917,-4.0866745,-3.7842985,1.050810701,46,1,0
loglik[2763],-18.37001147,-18.29365,-20.575,-16.46014,1.0505034,46,1,0
loglik[2768],-3.82062614,-3.82519,-4.00460225,-3.64048975,1.044358184,53,1,0
loglik[2781],-4.16332176,-4.1631,-4.2888815,-4.049941,1.007826449,500,1,0
loglik[2788],-4.124635227,-4.12259,-4.23258975,-4.02890175,1.00493527,770,1,0
loglik[2790],-13.65324847,-13.6513,-14.510065,-12.779805,1.00439743,690,1,0
loglik[2796],-4.19059204,-4.187825,-4.3658975,-4.02419975,1.009282615,520,1,0
loglik[2797],-5.418208327,-5.41562,-5.45887,-5.38953175,1.011768632,430,1,0
loglik[2799],-4.20792214,-4.20767,-4.32871675,-4.0977715,1.007294815,510,1,0
loglik[2800],-9.169721613,-9.16299,-9.62737075,-8.71846725,1.006893557,520,1,0
loglik[2801],-4.182356293,-4.17921,-4.28744475,-4.086648,1.004693658,1000,1,0
loglik[2803],-14.33371493,-14.3387,-15.246835,-13.38631,1.003811594,830,1,0
loglik[2804],-4.168721307,-4.163945,-4.28581725,-4.05737,1.003843145,1500,1,0
loglik[2814],-7.386340167,-7.38951,-7.61684475,-7.15829675,1.002919827,1500,1,0
loglik[2815],-4.165312427,-4.16021,-4.28877375,-4.050319,1.003488424,1500,1,0
loglik[2820],-9.920936227,-9.919625,-10.4088075,-9.42990275,1.00461341,650,1,0
loglik[2825],-11.9758104,-11.99285,-12.8454825,-11.1180525,1.002010054,1500,1,0
loglik[2834],-14.54537193,-14.5655,-15.6603125,-13.471645,1.002497987,1500,1,0
loglik[2835],-4.784637807,-4.7816,-4.8419895,-4.74012925,1.004511089,1500,1,0
loglik[2839],-8.040726433,-8.04523,-8.33670025,-7.74580425,1.003021718,1500,1,0
loglik[2849],-4.806958727,-4.805845,-4.86303775,-4.7613525,1.008044493,510,1,0
loglik[2853],-4.141164733,-4.13912,-4.2491145,-4.045427,1.004935129,770,1,0
loglik[2859],-4.76498668,-4.762325,-4.80883775,-4.7297885,1.006330146,1500,1,0
loglik[2860],-4.127529567,-4.123435,-4.2358285,-4.02618,1.00439515,1500,1,0
loglik[2862],-4.151390933,-4.151805,-4.2633885,-4.051789,1.005925285,580,1,0
loglik[2872],-4.113894387,-4.108965,-4.24638175,-3.99310075,1.003108729,1500,1,0
loglik[2878],-4.75649942,-4.75354,-4.8067185,-4.71921025,1.005142209,1500,1,0
loglik[2887],-4.117303193,-4.1122,-4.24076375,-4.00231425,1.003488395,1500,1,0
loglik[2888],-5.427352867,-5.426515,-5.4628055,-5.39844925,1.001200175,1500,1,0
loglik[2890],-4.109532513,-4.10792,-4.217471,-4.0124765,1.005032193,730,1,0
loglik[2892],-4.08226234,-4.076705,-4.2102425,-3.96467975,1.003300381,1500,1,0
loglik[2897],-13.62113953,-13.62765,-14.88166,-12.42395,1.001168074,1500,1,0
loglik[2902],-4.124120753,-4.11958,-4.2378315,-4.01774475,1.004151109,1500,1,0
loglik[2903],-4.089079847,-4.084325,-4.20296275,-3.97987125,1.004003879,1500,1,0
loglik[2905],-4.09419308,-4.090105,-4.20249375,-3.99284,1.004395607,1500,1,0
loglik[2906],-4.145324827,-4.14458,-4.296639,-4.00434425,1.009229813,500,1,0
loglik[2907],-4.136051573,-4.133025,-4.240983,-4.04121425,1.00474472,960,1,0
loglik[2909],-4.125825047,-4.121595,-4.2368015,-4.02237075,1.004282007,1500,1,0
loglik[2912],-4.124120753,-4.11958,-4.2378315,-4.01774475,1.004151109,1500,1,0
loglik[2913],-4.76704036,-4.765595,-4.80690525,-4.736018,1.007321468,650,1,0
loglik[2916],-4.085671067,-4.08146,-4.205361,-3.972434,1.003670277,1500,1,0
loglik[2919],-6.094034653,-6.094595,-6.196939,-5.9963365,1.002369532,1500,1,0
loglik[2920],-4.762000653,-4.759605,-4.8008235,-4.7307275,1.007263297,1100,1,0
loglik[2922],-4.089079847,-4.084325,-4.20296275,-3.97987125,1.004003879,1500,1,0
loglik[2940],-4.119522293,-4.116495,-4.224453,-4.02468425,1.004744644,960,1,0
loglik[2952],-4.117817767,-4.11467,-4.22290475,-4.022108,1.004693486,1000,1,0
loglik[2963],-4.76418188,-4.762185,-4.802272,-4.73405175,1.007438087,850,1,0
loglik[2964],-4.11440902,-4.110895,-4.22073925,-4.0175925,1.004571225,1200,1,0
loglik[2965],-4.22155732,-4.221595,-4.3623,-4.091398,1.008959799,490,1,0
loglik[2969],-8.68054202,-8.686985,-9.1046435,-8.278096,1.002334509,1500,1,0
loglik[2985],-4.099069527,-4.093515,-4.22704725,-3.98148975,1.003300379,1500,1,0
loglik[2989],-5.407268973,-5.406275,-5.4360515,-5.38691,1.000481339,1500,1,0
loglik[3008],-4.10782824,-4.105785,-4.21577975,-4.01209175,1.004935845,770,1,0
loglik[3011],-5.4155535,-5.41214,-5.464296,-5.38532275,1.017091272,370,1,0
loglik[3013],-4.167481887,-4.164845,-4.3619855,-3.9797745,1.008966511,550,1,0
loglik[3018],-4.085671067,-4.08146,-4.205361,-3.972434,1.003670277,1500,1,0
loglik[3022],-5.41800482,-5.416615,-5.4503945,-5.39272275,1.003498273,730,1,0
loglik[3027],-4.767127587,-4.764625,-4.80805575,-4.734199,1.007000208,1200,1,0
loglik[3037],-4.116113273,-4.11288,-4.22239375,-4.01998125,1.004637294,1100,1,0
loglik[3038],-4.784672213,-4.7832,-4.84171875,-4.7400695,1.008104199,520,1,0
loglik[3042],-6.067590253,-6.066885,-6.164165,-5.974367,1.003010396,890,1,0
loglik[3043],-7.201352693,-7.195785,-7.4165615,-6.98725975,1.005575392,570,1,0
loglik[3052],-4.14798236,-4.146575,-4.25576975,-4.050229,1.005483611,620,1,0
loglik[3058],-3.920753427,-3.92285,-4.0703445,-3.76792275,1.050832125,46,1,0
loglik[3061],-4.701427767,-4.698835,-4.7320895,-4.68895,1.051467073,55,1,0
loglik[3063],-3.895540493,-3.890295,-4.09308525,-3.71512825,1.026769699,88,1,0
loglik[3071],-3.86315702,-3.862475,-4.017103,-3.71456225,1.046697993,49,1,0
loglik[3072],-3.939501693,-3.93782,-4.10552475,-3.784932,1.041645549,55,1,0
loglik[3073],-3.78352394,-3.78841,-3.946375,-3.62379825,1.051032731,46,1,0
loglik[3074],-3.934388387,-3.93229,-4.09127325,-3.7848595,1.044795355,52,1,0
loglik[3078],-4.7007986,-4.697765,-4.73385525,-4.68892,1.045948368,66,1,0
loglik[3082],-4.711565813,-4.70921,-4.7532,-4.68945,1.047886945,54,1,0
loglik[3092],-4.700126873,-4.69582,-4.73659875,-4.68889,1.036435868,110,1,0
loglik[3097],-4.700696853,-4.69752,-4.73397,-4.68892,1.044911895,68,1,0
loglik[3114],-3.895540493,-3.890295,-4.09308525,-3.71512825,1.026769699,88,1,0
loglik[3116],-3.86315702,-3.862475,-4.017103,-3.71456225,1.046697993,49,1,0
loglik[3119],-3.975171267,-3.973345,-4.14627725,-3.81745325,1.039433945,59,1,0
loglik[3123],-4.7007986,-4.697765,-4.73385525,-4.68892,1.045948368,66,1,0
loglik[3126],-4.164516567,-4.16475,-4.27178175,-4.06472875,1.015896787,170,1,0
loglik[3128],-4.790304647,-4.78907,-4.83895425,-4.7502775,1.01400684,200,1,0
loglik[3131],-4.132369793,-4.13153,-4.2252245,-4.04440375,1.015210371,170,1,0
loglik[3132],-4.089435933,-4.088915,-4.2141905,-3.97180075,1.014730526,200,1,0
loglik[3133],-14.50921533,-14.4913,-15.40516,-13.639655,1.015661322,160,1,0
loglik[3135],-8.52988466,-8.523385,-9.12063275,-8.0125995,1.014540075,260,1,0
loglik[3140],-11.30498353,-11.3019,-11.86911,-10.752775,1.014469182,170,1,0
loglik[3141],-4.743761247,-4.741365,-4.78506125,-4.714328,1.010121173,340,1,0
loglik[3151],-4.135541767,-4.132855,-4.234978,-4.04069575,1.011643273,230,1,0
loglik[3154],-4.135541767,-4.132855,-4.234978,-4.04069575,1.011643273,230,1,0
loglik[3155],-4.155994607,-4.15658,-4.252407,-4.063944,1.015925634,160,1,0
loglik[3161],-4.748860187,-4.74735,-4.780336,-4.723184,1.016032192,190,1,0
loglik[3162],-4.058756913,-4.05699,-4.15208975,-3.968158,1.014564633,180,1,0
loglik[3169],-4.14065508,-4.138515,-4.236366,-4.049765,1.013254348,200,1,0
loglik[3170],-4.133837547,-4.13134,-4.2363015,-4.03667325,1.011070285,240,1,0
loglik[3171],-4.133837547,-4.13134,-4.2363015,-4.03667325,1.011070285,240,1,0
loglik[3172],-4.067278987,-4.068,-4.1627345,-3.9761155,1.015816204,170,1,0
loglik[3176],-4.04512184,-4.042185,-4.14960275,-3.94724,1.010491879,250,1,0
loglik[3177],-4.12555236,-4.12389,-4.219899,-4.03474125,1.013731847,190,1,0
loglik[3178],-4.12555236,-4.12389,-4.219899,-4.03474125,1.013731847,190,1,0
loglik[3180],-4.1221435,-4.12002,-4.21910325,-4.0308615,1.012742074,210,1,0
loglik[3184],-4.105099707,-4.10156,-4.2322165,-3.99350625,1.00722558,350,1,0
loglik[3188],-4.108508427,-4.10561,-4.22899725,-4.0025515,1.008244373,310,1,0
loglik[3192],-4.15282256,-4.152925,-4.2654785,-4.04568575,1.015513484,180,1,0
loglik[3202],-7.341265747,-7.34003,-7.544498,-7.14483975,1.014696531,170,1,0
loglik[3204],-4.128724487,-4.126175,-4.2412425,-4.02750175,1.009343851,280,1,0
loglik[3205],-6.11593816,-6.113545,-6.22534125,-6.015587,1.016579832,160,1,0
loglik[3209],-4.099986607,-4.095705,-4.2370315,-3.97647275,1.005883426,410,1,0
loglik[3213],-13.2108268,-13.19525,-13.9833025,-12.4620275,1.015659619,160,1,0
loglik[3219],-4.145253707,-4.1427,-4.2577725,-4.04403175,1.009343833,280,1,0
loglik[3222],-8.76669148,-8.76862,-9.15491075,-8.37539575,1.008141103,280,1,0
loglik[3223],-4.145768233,-4.144005,-4.23909975,-4.05517275,1.01456405,180,1,0
loglik[3225],-6.1026902,-6.10185,-6.22177575,-5.988149,1.006147344,340,1,0
loglik[3228],-4.12702012,-4.12382,-4.242959,-4.023123,1.008786277,290,1,0
loglik[3229],-8.79340744,-8.79745,-9.2271975,-8.350878,1.006173507,350,1,0
loglik[3235],-4.13895086,-4.13683,-4.23591325,-4.04766675,1.012740911,210,1,0
loglik[3236],-4.13161854,-4.127795,-4.27243775,-4.0056165,1.005488357,430,1,0
loglik[3238],-4.125315547,-4.12242,-4.24580725,-4.0193615,1.008244984,310,1,0
loglik[3239],-4.099986607,-4.095705,-4.2370315,-3.97647275,1.005883426,410,1,0
loglik[3241],-4.130428727,-4.12759,-4.23955775,-4.03118275,1.009914345,260,1,0
loglik[3242],-4.132133367,-4.129195,-4.23661275,-4.03425,1.010491819,250,1,0
loglik[3249],-4.099986607,-4.095705,-4.2370315,-3.97647275,1.005883426,410,1,0
loglik[3250],-4.171740753,-4.16962,-4.26870325,-4.08045675,1.012741098,210,1,0
loglik[3261],-4.111917387,-4.109365,-4.2244325,-4.01069175,1.00934392,280,1,0
loglik[3266],-4.106803947,-4.103995,-4.23148925,-3.997497,1.007724466,330,1,0
loglik[3267],-4.78355008,-4.78302,-4.8216075,-4.751188,1.016698375,170,1,0
loglik[3269],-4.113621767,-4.110785,-4.2227525,-4.014378,1.009914115,260,1,0
loglik[3286],-4.029782113,-4.025505,-4.16682675,-3.90626275,1.00588337,410,1,0
loglik[3292],-4.051939467,-4.04982,-4.14890325,-3.96065675,1.012741882,210,1,0
loglik[3296],-4.0502349,-4.04749,-4.14917825,-3.95700375,1.012202698,220,1,0
loglik[3307],-4.031486713,-4.027665,-4.1649695,-3.9117345,1.006304651,390,1,0
loglik[3329],-4.043417453,-4.04058,-4.15254775,-3.94417275,1.009914328,260,1,0
loglik[3334],-6.122800873,-6.119735,-6.22610225,-6.02822025,1.015588732,160,1,0
loglik[3336],-6.161492807,-6.16138,-6.296382,-6.0311555,1.005774544,360,1,0
loglik[3339],-4.043417453,-4.04058,-4.15254775,-3.94417275,1.009914328,260,1,0
loglik[3349],-4.068983207,-4.06957,-4.165397,-3.97692925,1.015925849,160,1,0
loglik[3351],-4.746918013,-4.745185,-4.7803105,-4.7201095,1.014103094,230,1,0
loglik[3363],-7.593393333,-7.59639,-7.929367,-7.2671025,1.004901326,420,1,0
loglik[3371],-6.137388047,-6.136675,-6.241755,-6.042005,1.012131489,200,1,0
loglik[3374],-4.74739426,-4.74564,-4.77982525,-4.7210415,1.014641664,220,1,0
loglik[3381],-5.44268482,-5.44173,-5.4814005,-5.4110785,1.011877725,190,1,0
loglik[3386],-6.1431604,-6.14343,-6.25143675,-6.04246325,1.010448921,220,1,0
loglik[3389],-6.724667253,-6.72546,-6.8852275,-6.574262,1.010099089,230,1,0
loglik[3390],-4.118734907,-4.11605,-4.218168,-4.02388575,1.011643334,230,1,0
loglik[3392],-4.767479133,-4.76529,-4.810492,-4.73433,1.011128951,290,1,0
loglik[3398],-4.135778687,-4.13589,-4.23136575,-4.045714,1.015661106,170,1,0
loglik[3403],-4.123847953,-4.12171,-4.219556,-4.032965,1.013253596,200,1,0
loglik[3405],-4.7773794,-4.77683,-4.814447,-4.746028,1.016746037,170,1,0
loglik[3407],-4.074096453,-4.073815,-4.17640225,-3.97794225,1.016013588,170,1,0
loglik[3409],-4.77975784,-4.77837,-4.815922,-4.74847425,1.016332355,180,1,0
loglik[3411],-4.080913993,-4.08116,-4.19244525,-3.9758485,1.01566505,180,1,0
loglik[3417],-4.76382386,-4.761765,-4.815708,-4.723064,1.011043025,260,1,0
loglik[3420],-4.755846493,-4.75485,-4.792046,-4.72680175,1.016008633,180,1,0
loglik[3422],-10.05735679,-10.06315,-10.5373575,-9.5883525,1.011023947,220,1,0
loglik[3426],-4.77734126,-4.775765,-4.8145735,-4.7461875,1.014881111,200,1,0
loglik[3427],-6.090232027,-6.082465,-6.1507105,-6.07519,1.010801373,510,1,0
loglik[3432],-5.496152373,-5.4912,-5.60126275,-5.425173,1.002670386,1500,1,0
loglik[3435],-4.49878502,-4.497865,-4.65383375,-4.347276,1.001311477,1500,1,0
loglik[3436],-4.539961507,-4.53934,-4.7098595,-4.379485,1.00153099,1500,1,0
loglik[3437],-4.237240607,-4.23834,-4.3849615,-4.08585,1.003678507,550,1,0
loglik[3438],-4.44162662,-4.440705,-4.59667375,-4.290116,1.001311492,1500,1,0
loglik[3439],-3.694281033,-3.697555,-3.89896775,-3.4712885,1.005728309,350,1,0
loglik[3440],-4.727402913,-4.72505,-4.773192,-4.69314125,1.005482364,380,1,0
loglik[3443],-3.96961876,-3.972965,-4.12286275,-3.79140525,1.005166746,390,1,0
loglik[3449],-3.644600567,-3.64813,-3.86672725,-3.40766375,1.00570532,350,1,0
loglik[3451],-3.664267527,-3.66747,-3.88305375,-3.43275425,1.005715284,350,1,0
loglik[3455],-4.846080693,-4.84554,-4.920863,-4.78276375,1.002222827,900,1,0
loglik[3460],-3.765232753,-3.768505,-3.96991775,-3.5422385,1.005728399,350,1,0
loglik[3464],-3.83010738,-3.83389,-4.01696,-3.6214265,1.005694782,350,1,0
loglik[3474],-4.553842267,-4.553095,-4.734682,-4.388804,1.001783532,1500,1,0
loglik[3476],-7.441884733,-7.431505,-7.776315,-7.1461865,1.001847934,1500,1,0
loglik[3477],-4.439784113,-4.440645,-4.593151,-4.29315125,1.001491107,1300,1,0
loglik[3478],-4.717665613,-4.714565,-4.76055525,-4.6896485,1.00612396,360,1,0
loglik[3480],-4.24311416,-4.24494,-4.390511,-4.09375225,1.003480789,580,1,0
loglik[3483],-4.8325758,-4.83176,-4.90426325,-4.77307,1.00282241,710,1,0
loglik[3516],-4.13232584,-4.132805,-4.2582445,-4.00636225,1.088435764,31,1,0
loglik[3520],-4.48633166,-4.490685,-4.59193725,-4.3516895,1.150713468,20,1,0
loglik[3557],-4.053657887,-4.052685,-4.1925935,-3.91786325,1.067682541,39,1,0
loglik[3565],-4.743970013,-4.741655,-4.7904145,-4.708392,1.055491192,47,1,0
loglik[3569],-4.033990967,-4.03235,-4.17606675,-3.89315275,1.063186973,42,1,0
loglik[3572],-4.092991827,-4.09285,-4.225929,-3.960973,1.077527289,35,1,0
loglik[3574],-4.102020567,-4.102495,-4.2279445,-3.9760575,1.088437212,31,1,0
loglik[3577],-4.38799676,-4.391415,-4.4906445,-4.2633155,1.152682964,20,1,0
loglik[3617],-4.36832976,-4.370915,-4.47047575,-4.24647475,1.150676924,20,1,0
loglik[3623],-4.15199292,-4.152685,-4.2736655,-4.029789,1.094228426,29,1,0
loglik[3627],-4.446997633,-4.450815,-4.55000025,-4.31563025,1.1537788,20,1,0
loglik[3738],-10.01672216,-10.00315,-10.8378525,-9.351399,1.014941257,320,1,0
loglik[3739],-4.849612427,-4.84684,-4.930219,-4.77981025,1.013105215,520,1,0
loglik[3742],-4.703373253,-4.69885,-4.9407015,-4.485609,1.014765138,450,1,0
loglik[3743],-9.533217953,-9.523275,-10.283525,-8.88966825,1.020394186,290,1,0
loglik[3745],-4.506703287,-4.50393,-4.69826825,-4.32089375,1.016363009,410,1,0
loglik[3747],-4.016003413,-4.015515,-4.1581935,-3.86266575,1.009718534,390,1,0
loglik[3754],-4.114338387,-4.114015,-4.25772475,-3.95845725,1.012404989,380,1,0
loglik[3755],-4.724025167,-4.721845,-4.763023,-4.695039,1.003390518,640,1,0
loglik[3758],-4.744592113,-4.74252,-4.79128675,-4.70647225,1.005730172,570,1,0
loglik[3763],-4.270699473,-4.26912,-4.424079,-4.10964125,1.015458004,380,1,0
loglik[3767],-3.9953615,-3.99577,-4.138505,-3.8412165,1.008721986,400,1,0
loglik[3768],-3.661997647,-3.666095,-3.82994825,-3.475772,1.004524498,520,1,0
loglik[3771],-6.25944282,-6.25239,-6.48423525,-6.0891185,1.011521659,350,1,0
loglik[3773],-12.185919,-12.1452,-13.445465,-11.1768975,1.008370002,400,1,0
loglik[3774],-8.0301101,-8.023365,-8.5079425,-7.62541225,1.020625772,280,1,0
loglik[3782],-4.2126735,-4.209975,-4.36448675,-4.05439,1.014758135,380,1,0
loglik[3786],-4.696177927,-4.69347,-4.7167595,-4.68889,1.005597724,1500,1,0
loglik[3789],-3.85769268,-3.860345,-4.00550675,-3.69480925,1.006099855,450,1,0
loglik[3792],-3.680689867,-3.684785,-3.8486435,-3.49446675,1.004524689,520,1,0
loglik[3795],-3.602021833,-3.60604,-3.78604,-3.40288375,1.004182346,550,1,0
loglik[3796],-3.582354653,-3.586635,-3.77044975,-3.3780485,1.004115588,550,1,0
loglik[3799],-3.70035676,-3.703895,-3.86501975,-3.5179865,1.004634009,510,1,0
loglik[3807],-4.291341333,-4.288995,-4.451605,-4.129094,1.015987227,380,1,0
loglik[3808],-3.641355833,-3.645155,-3.818093,-3.44634225,1.004336612,530,1,0
loglik[3809],-4.762374193,-4.75826,-5.0135145,-4.5364535,1.014203522,460,1,0
loglik[3811],-4.756267493,-4.754035,-4.80662675,-4.71358,1.006597223,540,1,0
loglik[3813],-4.015028593,-4.015395,-4.15636525,-3.86096375,1.009209499,400,1,0
loglik[3817],-4.134005427,-4.132885,-4.27850775,-3.97724475,1.012926704,380,1,0
loglik[3819],-6.043843993,-6.040265,-6.20125425,-5.92895575,1.019528378,270,1,0
loglik[3827],-4.29434084,-4.29832,-4.436485,-4.12026425,1.176462309,18,1,0
loglik[3837],-4.792171587,-4.79171,-4.85044675,-4.73764175,1.152942367,19,1,0
loglik[3876],-4.716252353,-4.71401,-4.75815575,-4.69172475,1.098177878,31,1,0
loglik[3879],-4.716252353,-4.71401,-4.75815575,-4.69172475,1.098177878,31,1,0
loglik[3883],-4.038670133,-4.041405,-4.18651925,-3.88866325,1.15526643,19,1,0
loglik[3884],-3.979669113,-3.98214,-4.13650675,-3.827527,1.140407477,21,1,0
loglik[3885],-3.881334007,-3.880805,-4.05043175,-3.7220525,1.114004811,25,1,0
loglik[3900],-4.038670133,-4.041405,-4.18651925,-3.88866325,1.15526643,19,1,0
loglik[3902],-4.716252353,-4.71401,-4.75815575,-4.69172475,1.098177878,31,1,0
loglik[3915],-4.038670133,-4.041405,-4.18651925,-3.88866325,1.15526643,19,1,0
loglik[3963],-3.940335093,-3.9424,-4.10333825,-3.78562875,1.129844523,23,1,0
loglik[3988],-3.99933602,-4.001555,-4.1526835,-3.8480445,1.14554781,21,1,0
loglik[3991],-5.393632527,-5.390045,-5.429962,-5.38212475,1.297864435,15,1,0
loglik[3997],-6.45704076,-6.44977,-6.75255275,-6.19907075,1.112451398,26,1,0
loglik[4003],-3.920668093,-3.921785,-4.085703,-3.76530275,1.124522129,23,1,0
loglik[4005],-3.979669113,-3.98214,-4.13650675,-3.827527,1.140407477,21,1,0
loglik[4023],-3.82233304,-3.82096,-3.99900175,-3.657772,1.09901918,28,1,0
loglik[4026],-4.708983453,-4.706175,-4.747025,-4.68948325,1.089926728,36,1,0
loglik[4075],-4.110178687,-4.110805,-4.24519525,-3.95911625,1.027864238,87,1,0
loglik[4076],-4.133142053,-4.132915,-4.29397425,-3.965375,1.030513916,89,1,0
loglik[4077],-4.113515453,-4.112765,-4.25857125,-3.95792775,1.030605139,85,1,0
loglik[4079],-5.41794466,-5.414495,-5.47142825,-5.388359,1.036020597,92,1,0
loglik[4081],-4.11181114,-4.11104,-4.25835325,-3.95264375,1.030734887,85,1,0
loglik[4085],-6.057652673,-6.051095,-6.21630225,-5.93121425,1.017364243,140,1,0
loglik[4089],-9.88493442,-9.866975,-10.653165,-9.28133475,1.031548171,83,1,0
loglik[4094],-6.678450247,-6.671265,-6.95956125,-6.4657955,1.036597199,79,1,0
loglik[4095],-4.76724252,-4.765025,-4.8248865,-4.71807975,1.02686322,100,1,0
loglik[4097],-4.098248053,-4.097495,-4.2433065,-3.942663,1.030605424,85,1,0
loglik[4098],-4.082908453,-4.08281,-4.25434825,-3.91190325,1.029824888,92,1,0
loglik[4101],-4.122915713,-4.122225,-4.3018305,-3.95025075,1.028854683,97,1,0
loglik[4102],-4.089654033,-4.08812,-4.27604075,-3.9093235,1.028103552,100,1,0
loglik[4103],-4.77348146,-4.77198,-4.8258535,-4.72623125,1.01762321,120,1,0
loglik[4107],-5.42979384,-5.42543,-5.4994045,-5.38900475,1.047723394,73,1,0
loglik[4109],-4.788430167,-4.786105,-4.86175225,-4.731035,1.009454475,210,1,0
loglik[4119],-4.242223013,-4.242195,-4.524691,-3.98416175,1.002107182,950,1,0
loglik[4121],-4.196728993,-4.195785,-4.41157975,-4.00658975,1.005851991,340,1,0
loglik[4122],-10.98738639,-10.96595,-11.9273475,-10.2458,1.031418015,84,1,0
loglik[4124],-4.791369953,-4.789915,-4.84839225,-4.7390055,1.016622522,120,1,0
loglik[4125],-5.405397973,-5.40184,-5.44872575,-5.383578,1.033874263,110,1,0
loglik[4126],-4.795560387,-4.793785,-4.8616505,-4.7409585,1.012894203,160,1,0
loglik[4127],-4.78087822,-4.779245,-4.836506,-4.73176425,1.015901895,130,1,0
loglik[4131],-4.15278846,-4.152735,-4.33553525,-3.97883975,1.00914305,220,1,0
loglik[4133],-8.475898667,-8.45643,-9.09163725,-7.93754275,1.010548002,200,1,0
loglik[4135],-6.66823366,-6.66056,-6.915944,-6.48162425,1.032331195,84,1,0
loglik[4137],-4.796276967,-4.79437,-4.86402525,-4.74091375,1.01229077,160,1,0
loglik[4138],-4.76724252,-4.765025,-4.8248865,-4.71807975,1.02686322,100,1,0
loglik[4139],-4.10499358,-4.104125,-4.26171925,-3.9373305,1.030661714,88,1,0
loglik[4140],-4.141663973,-4.14089,-4.288208,-3.98249375,1.030735531,85,1,0
loglik[4143],-4.14848154,-4.147745,-4.28614575,-3.99428475,1.029824326,85,1,0
loglik[4144],-4.163821133,-4.164025,-4.29885525,-4.01433025,1.024188711,95,1,0
loglik[4145],-4.145072767,-4.14406,-4.28585575,-3.9909675,1.030411247,85,1,0
loglik[4150],-4.78294956,-4.781605,-4.8373545,-4.73258725,1.02499308,94,1,0
loglik[4152],-4.8092307,-4.804985,-4.91055575,-4.73826075,1.004824858,420,1,0
loglik[4154],-4.198433413,-4.19688,-4.4182105,-4.005297,1.005529235,360,1,0
loglik[4155],-4.16123836,-4.16114,-4.3286025,-3.99788125,1.011298569,180,1,0
loglik[4160],-4.80068384,-4.798625,-4.87851275,-4.73918475,1.009015005,220,1,0
loglik[4161],-4.245631753,-4.245275,-4.535903,-3.9763175,1.001884806,1100,1,0
loglik[4162],-7.865752607,-7.841295,-8.557703,-7.267268,1.003347556,600,1,0
loglik[4163],-4.78417056,-4.78159,-4.85933175,-4.72713375,1.008450743,240,1,0
loglik[4164],-8.539450993,-8.525355,-9.0799795,-8.09560525,1.020589271,110,1,0
loglik[4166],-4.149379613,-4.14951,-4.32534,-3.9787305,1.010178117,200,1,0
loglik[4169],-4.123741927,-4.12474,-4.25819225,-3.97170175,1.028448405,86,1,0
loglik[4171],-7.250979167,-7.24254,-7.5876125,-6.990903,1.028175218,91,1,0
loglik[4176],-4.43894898,-4.4446,-4.56841875,-4.2872995,1.101463762,25,1,0
loglik[4196],-4.886124287,-4.88738,-4.9558555,-4.810641,1.089236796,28,1,0
loglik[4197],-4.8968792,-4.898565,-4.965473,-4.82330525,1.09697843,26,1,0
loglik[4204],-5.389886733,-5.38531,-5.417663,-5.38203,1.023682555,110,1,0
loglik[4210],-4.913466927,-4.91496,-4.9844125,-4.8385535,1.099816454,25,1,0
loglik[4212],-4.88205542,-4.882435,-4.95909025,-4.8035495,1.077239804,32,1,0
loglik[4222],-7.249098447,-7.246785,-7.5415515,-6.9978535,1.088602384,28,1,0
loglik[4226],-4.421355407,-4.428065,-4.550627,-4.266735,1.098659728,26,1,0
loglik[4229],-6.341556027,-6.331045,-6.49329425,-6.2333325,1.109452649,24,1,0
loglik[4231],-4.89433308,-4.89611,-4.96455025,-4.8185305,1.091487357,27,1,0
loglik[4232],-4.44235762,-4.44849,-4.57188575,-4.29319425,1.103434367,25,1,0
loglik[4234],-4.909573913,-4.91101,-4.98240925,-4.837898,1.102157429,25,1,0
loglik[4238],-4.9034285,-4.90557,-4.973044,-4.82783275,1.09541874,26,1,0
loglik[4240],-4.900334713,-4.90213,-4.97066875,-4.82790075,1.101394166,25,1,0
loglik[4241],-4.44180816,-4.44356,-4.578512,-4.29745625,1.101596758,25,1,0
loglik[4243],-5.385605173,-5.38413,-5.39646625,-5.38203,1.046738157,95,1,0
loglik[4249],-4.41207988,-4.417325,-4.541584,-4.262216,1.102561227,25,1,0
loglik[4260],-4.423059847,-4.42897,-4.55184025,-4.2707345,1.10015847,26,1,0
loglik[4266],-4.444061993,-4.45004,-4.57507625,-4.29545275,1.104070392,25,1,0
loglik[4268],-5.38571666,-5.3842,-5.39729525,-5.38203,1.054371251,76,1,0
loglik[4273],-4.9034285,-4.90557,-4.973044,-4.82783275,1.09541874,26,1,0
loglik[4284],-4.444061993,-4.45004,-4.57507625,-4.29545275,1.104070392,25,1,0
loglik[4285],-4.910468733,-4.9112,-4.9832575,-4.8384825,1.102105296,25,1,0
loglik[4290],-4.9048033,-4.905575,-4.9832905,-4.823135,1.080119144,31,1,0
loglik[4295],-4.400149127,-4.40612,-4.53561075,-4.2389555,1.091133852,28,1,0
loglik[4296],-5.868400227,-5.861305,-5.9523305,-5.81800775,1.107954036,26,1,0
loglik[4298],-4.388959153,-4.39521,-4.521229,-4.230638,1.095162631,27,1,0
loglik[4302],-4.416242227,-4.421665,-4.54951025,-4.255498,1.093204832,27,1,0
loglik[4310],-4.89030504,-4.89182,-4.9585235,-4.81805475,1.098339704,26,1,0
loglik[4312],-4.42987748,-4.435855,-4.56088625,-4.2812675,1.104068928,25,1,0
loglik[4316],-4.90429362,-4.906045,-4.973753,-4.8296,1.097064423,26,1,0
loglik[4318],-5.852026133,-5.84904,-5.92452125,-5.80292125,1.088187858,29,1,0
loglik[4321],-5.386924387,-5.38456,-5.40231775,-5.38203,1.061143855,49,1,0
loglik[4322],-5.85909446,-5.85309,-5.93408425,-5.812919,1.111591136,25,1,0
loglik[4325],-4.423059847,-4.42897,-4.55184025,-4.2707345,1.10015847,26,1,0
loglik[4327],-5.387251153,-5.385045,-5.40273725,-5.38203,1.069315889,42,1,0
loglik[4333],-4.409411787,-4.41295,-4.5434715,-4.2648575,1.10351577,25,1,0
loglik[4342],-4.394072307,-4.399985,-4.52285025,-4.24174975,1.100157539,26,1,0
loglik[4345],-6.30515236,-6.302695,-6.44721275,-6.192338,1.087773682,29,1,0
loglik[4346],-4.930193967,-4.924695,-5.0286375,-4.84587725,1.064040634,37,1,0
loglik[4349],-4.467374073,-4.46065,-4.63387375,-4.30841675,1.070812732,34,1,0
loglik[4351],-4.487826747,-4.47815,-4.69784375,-4.2931365,1.047411713,48,1,0
loglik[4352],-11.18987625,-11.20355,-12.2132325,-10.2669325,1.067289536,36,1,0
loglik[4357],-4.445216933,-4.445805,-4.583044,-4.299725,1.09884238,26,1,0
loglik[4363],-4.900858487,-4.90223,-4.972406,-4.8229405,1.089457548,28,1,0
loglik[4369],-6.315711113,-6.309985,-6.45489,-6.2099875,1.103608173,25,1,0
loglik[4371],-8.228219747,-8.224295,-8.6672185,-7.839948,1.092559274,27,1,0
loglik[4374],-4.92347888,-4.92249,-5.00041725,-4.84915875,1.096633405,26,1,0
loglik[4380],-4.91110572,-4.908745,-4.990733,-4.83759125,1.091085967,27,1,0
loglik[4394],-4.458851953,-4.454465,-4.61302375,-4.3064965,1.082436566,30,1,0
loglik[4397],-4.450330027,-4.44852,-4.59529975,-4.3030415,1.093448379,27,1,0
loglik[4401],-4.936146187,-4.929405,-5.047772,-4.84192775,1.052039435,44,1,0
loglik[4406],-4.44065322,-4.4459,-4.570154,-4.290786,1.102559934,25,1,0
loglik[4415],-4.444061993,-4.45004,-4.57507625,-4.29545275,1.104070392,25,1,0
loglik[4420],-5.38586182,-5.38433,-5.398231,-5.38203,1.059789935,64,1,0
loglik[4425],-5.387797973,-5.384935,-5.406231,-5.38203,1.053657774,51,1,0
loglik[4427],-4.44862568,-4.4477,-4.590276,-4.30229875,1.095387153,26,1,0
loglik[4436],-4.41207988,-4.417325,-4.541584,-4.262216,1.102561227,25,1,0
loglik[4438],-4.925338987,-4.92117,-5.01571575,-4.845712,1.07541251,32,1,0
loglik[4439],-4.459401593,-4.459995,-4.59722925,-4.313905,1.098841743,26,1,0
loglik[4444],-4.431581833,-4.4372,-4.56370725,-4.2847525,1.104458786,25,1,0
loglik[4446],-4.443512453,-4.444925,-4.580931,-4.29875375,1.100317126,25,1,0
loglik[4449],-5.384827547,-5.38345,-5.39485125,-5.38203,1.018601407,350,1,0
loglik[4455],-4.424764087,-4.43041,-4.554234,-4.27311425,1.101464098,25,1,0
loglik[4460],-4.383845987,-4.38961,-4.5238705,-4.22132675,1.0889716,29,1,0
loglik[4466],-5.872459027,-5.865885,-5.9555605,-5.8208535,1.110488153,25,1,0
loglik[4472],-4.44065322,-4.4459,-4.570154,-4.290786,1.102559934,25,1,0
loglik[4480],-5.856699713,-5.852775,-5.92786675,-5.8093455,1.104159337,25,1,0
loglik[4483],-4.44180816,-4.44356,-4.578512,-4.29745625,1.101596758,25,1,0
loglik[4486],-4.88946004,-4.891085,-4.957173,-4.81704575,1.096885702,26,1,0
loglik[4487],-5.395799013,-5.38838,-5.4434235,-5.38204,1.013569867,170,1,0
loglik[4489],-4.426468547,-4.43171,-4.555974,-4.276606,1.102561602,25,1,0
loglik[4490],-4.593498993,-4.591505,-5.059663,-4.123291,1.011014834,190,1,0
loglik[4494],-4.90624608,-4.9029,-4.98873675,-4.83275625,1.08456081,29,1,0
loglik[4497],-4.5116882,-4.50226,-4.7707435,-4.255774,1.030547435,72,1,0
loglik[4502],-4.44065322,-4.4459,-4.570154,-4.290786,1.102559934,25,1,0
loglik[4504],-4.90385822,-4.904505,-4.9759475,-4.8322775,1.101720318,25,1,0
loglik[4506],-4.513392567,-4.504515,-4.776936,-4.25346125,1.029678076,74,1,0
loglik[4512],-4.397808947,-4.396355,-4.5617685,-4.23759525,1.007385935,1300,1,0
loglik[4513],-3.93398514,-3.935765,-4.07504975,-3.7775525,1.002937751,880,1,0
loglik[4514],-4.0087118,-4.00979,-4.14806725,-3.85357125,1.00306358,910,1,0
loglik[4517],-5.399867713,-5.39605,-5.4424005,-5.38215475,1.006302824,1500,1,0
loglik[4518],-4.42468492,-4.423095,-4.60759375,-4.252903,1.00814754,1300,1,0
loglik[4519],-6.806838533,-6.80187,-7.09538475,-6.580035,1.005945412,880,1,0
loglik[4527],-7.297660853,-7.286025,-7.676962,-6.97921625,1.012147871,600,1,0
loglik[4530],-3.729131347,-3.733355,-3.9000425,-3.5437105,1.003082056,650,1,0
loglik[4535],-3.925801093,-3.92937,-4.0706015,-3.764487,1.002600872,770,1,0
loglik[4540],-4.694508107,-4.69196,-4.71305125,-4.68889,1.008362681,1500,1,0
loglik[4541],-3.949710907,-3.95199,-4.09228575,-3.79222725,1.002748875,830,1,0
loglik[4544],-5.43513882,-5.431495,-5.50235625,-5.3955875,1.00765193,710,1,0
loglik[4546],-4.16604776,-4.164315,-4.31088075,-4.0122895,1.004799587,1100,1,0
loglik[4547],-9.745573293,-9.70767,-10.6331725,-9.05418,1.003334011,690,1,0
loglik[4548],-4.83858856,-4.83627,-4.91321125,-4.77391225,1.005759302,1500,1,0
loglik[4552],-4.22080602,-4.219465,-4.36473775,-4.06804125,1.005080047,1200,1,0
loglik[4556],-3.7923749,-3.79648,-3.94673,-3.6211485,1.002876038,700,1,0
loglik[4558],-3.81598296,-3.819425,-3.963183,-3.65111925,1.002660854,750,1,0
loglik[4562],-4.34305062,-4.341965,-4.503029,-4.184946,1.007180558,1300,1,0
loglik[4563],-4.693764287,-4.690925,-4.71477825,-4.68888,1.011514955,780,1,0
loglik[4568],-5.39043454,-5.38689,-5.41923125,-5.38204,1.010435088,1500,1,0
loglik[4571],-5.093362707,-5.08912,-5.43620625,-4.79366,1.007708658,930,1,0
loglik[4572],-4.727804047,-4.725885,-4.7667405,-4.69690425,1.001685432,1200,1,0
loglik[4574],-5.2841224,-5.277885,-5.533937,-5.083177,1.007006372,1100,1,0
loglik[4576],-5.41457946,-5.411205,-5.466133,-5.38585425,1.012112786,550,1,0
loglik[4577],-6.828680287,-6.82115,-7.0988075,-6.597665,1.01118427,700,1,0
loglik[4578],-6.68205678,-6.674015,-6.92345075,-6.4800185,1.012306166,600,1,0
loglik[4579],-5.867701133,-5.862745,-5.959649,-5.80468925,1.014336595,480,1,0
loglik[4582],-4.594478867,-4.59334,-4.79822875,-4.409514,1.008507638,1200,1,0
loglik[4584],-9.449827093,-9.42407,-10.465115,-8.55071925,1.011677235,570,1,0
loglik[4587],-4.916640667,-4.91422,-5.024317,-4.829459,1.007211093,1500,1,0
loglik[4588],-3.871042727,-3.874485,-4.018243,-3.70617925,1.002660766,750,1,0
loglik[4595],-5.463365527,-5.459725,-5.545765,-5.410747,1.007119247,740,1,0
loglik[4598],-5.845291767,-5.840325,-5.92372075,-5.79495175,1.015830649,420,1,0
loglik[4601],-4.81342458,-4.81087,-4.87996875,-4.7553415,1.005171058,1500,1,0
loglik[4603],-5.443853987,-5.437585,-5.53481975,-5.390608,1.005590848,1500,1,0
loglik[4604],-4.700997727,-4.697205,-4.9476225,-4.4796035,1.008491528,1100,1,0
loglik[4605],-4.657722313,-4.65498,-4.88136675,-4.45432625,1.008583991,1200,1,0
loglik[4606],-10.37728859,-10.3566,-11.334855,-9.488194,1.010591588,780,1,0
loglik[4610],-10.29730083,-10.2768,-11.4021875,-9.30340675,1.0112979,660,1,0
loglik[4619],-4.811498293,-4.81224,-4.85941925,-4.760645,1.152185218,19,1,0
loglik[4621],-10.78585545,-10.75785,-11.7453775,-10.1233225,1.144071456,22,1,0
loglik[4622],-4.130647593,-4.134725,-4.24355575,-4.00501825,1.160083742,19,1,0
loglik[4630],-11.93276373,-11.8944,-12.9215775,-11.22265,1.181371838,18,1,0
loglik[4633],-3.990012273,-3.991405,-4.11927475,-3.85904775,1.109169793,26,1,0
loglik[4635],-12.04088713,-11.99775,-13.0232725,-11.3281225,1.183554821,18,1,0
loglik[4636],-4.773678613,-4.774015,-4.818371,-4.734412,1.133290191,22,1,0
loglik[4642],-4.75897908,-4.75838,-4.80365475,-4.7224845,1.111533256,25,1,0
loglik[4647],-4.639022873,-4.642245,-4.79561625,-4.45039025,1.102044043,28,1,0
loglik[4652],-4.826400467,-4.827265,-4.87644925,-4.77271975,1.153430402,19,1,0
loglik[4655],-7.543899213,-7.531255,-7.87421325,-7.25124425,1.141014463,21,1,0
loglik[4656],-4.780752327,-4.781025,-4.8265075,-4.73925375,1.13831654,21,1,0
loglik[4658],-4.713289387,-4.71075,-4.74781375,-4.691579,1.064062197,46,1,0
loglik[4659],-4.05197956,-4.055095,-4.172836,-3.9290115,1.140115883,21,1,0
loglik[4660],-4.754894333,-4.754825,-4.79604925,-4.72032925,1.125944154,23,1,0
loglik[4664],-3.91431056,-3.915565,-4.04880225,-3.7785905,1.097134468,29,1,0
loglik[4667],-3.973311573,-3.9741,-4.102145,-3.84565475,1.115396896,25,1,0
loglik[4668],-8.29394934,-8.286785,-8.83116475,-7.81862375,1.083290205,34,1,0
loglik[4670],-3.973311573,-3.9741,-4.102145,-3.84565475,1.115396896,25,1,0
loglik[4671],-3.950678313,-3.951935,-4.08517225,-3.81495575,1.097134129,29,1,0
loglik[4679],-6.235424067,-6.229645,-6.41033525,-6.08661075,1.1308742,23,1,0
loglik[4681],-4.189648447,-4.193975,-4.29935375,-4.0568755,1.168401719,18,1,0
loglik[4682],-4.722161733,-4.72063,-4.7579825,-4.696504,1.080599516,35,1,0
loglik[4685],-4.025103547,-4.0265,-4.1543695,-3.894143,1.109170727,26,1,0
loglik[4691],-4.761236807,-4.761425,-4.80324575,-4.72499775,1.131462221,22,1,0
loglik[4692],-3.931011313,-3.931735,-4.06821025,-3.793159,1.091415812,30,1,0
loglik[4695],-4.032312647,-4.034955,-4.15544525,-3.9090985,1.134132827,22,1,0
loglik[4700],-3.911344267,-3.91157,-4.051856,-3.770343,1.085938364,32,1,0
loglik[4708],-5.859485893,-5.854885,-5.93705125,-5.81686275,1.198199825,18,1,0
loglik[4719],-3.832676273,-3.831515,-3.98462975,-3.68251375,1.066715882,40,1,0
loglik[4724],-3.874976633,-3.875205,-4.015486,-3.733973,1.085939157,32,1,0
loglik[4725],-4.14734822,-4.15122,-4.26370475,-4.023996,1.155884613,19,1,0
loglik[4730],-4.725849913,-4.72416,-4.76402375,-4.69815475,1.076941653,36,1,0
loglik[4731],-3.852343233,-3.85068,-4.00117625,-3.70765575,1.071110256,38,1,0
loglik[4734],-8.243405347,-8.23524,-8.8107445,-7.752045,1.069034813,40,1,0
loglik[4740],-4.6937358,-4.691145,-4.7125015,-4.68888475,1.064137662,240,1,0
loglik[4744],-3.911344267,-3.91157,-4.051856,-3.770343,1.085938364,32,1,0
loglik[4749],-4.812755247,-4.813455,-4.8605135,-4.75957875,1.153253589,19,1,0
loglik[4753],-3.690764647,-3.689715,-3.88249975,-3.50513075,1.038058286,69,1,0
loglik[4755],-4.150314487,-4.154145,-4.26450475,-4.02250475,1.163607561,19,1,0
loglik[4762],-4.710300107,-4.707995,-4.74239575,-4.69068,1.067130556,45,1,0
loglik[4765],-3.737307887,-3.73617,-3.9003205,-3.574957,1.055121327,48,1,0
loglik[4767],-10.49131821,-10.4575,-11.43817,-9.82923225,1.131188261,24,1,0
loglik[4770],-4.516778367,-4.519735,-4.64373375,-4.35213225,1.136622128,22,1,0
loglik[4772],-3.835642553,-3.83411,-3.98156325,-3.69181075,1.075778029,36,1,0
loglik[4773],-3.813009447,-3.811285,-3.967349,-3.658978,1.062592314,43,1,0
loglik[4774],-5.457164293,-5.453435,-5.5230095,-5.4100225,1.137711523,23,1,0
loglik[4782],-4.00967928,-4.01047,-4.13850975,-3.88202475,1.11539848,25,1,0
loglik[4784],-4.695566007,-4.69242,-4.718261,-4.68889,1.06430467,140,1,0
loglik[4785],-9.701200613,-9.685235,-10.42534,-9.06505975,1.09376524,30,1,0
loglik[4788],-4.6955386,-4.692765,-4.715962,-4.68889,1.067691956,97,1,0
loglik[4790],-11.14806027,-11.11355,-12.01313,-10.53282,1.184233928,18,1,0
loglik[4795],-4.725849913,-4.72416,-4.76402375,-4.69815475,1.076941653,36,1,0
loglik[4797],-5.393863133,-5.391145,-5.422891,-5.3824895,1.25520963,16,1,0
loglik[4798],-4.692709427,-4.69058,-4.71001475,-4.68888,1.053944175,150,1,0
loglik[4800],-3.737307887,-3.73617,-3.9003205,-3.574957,1.055121327,48,1,0
loglik[4804],-4.74302566,-4.74241,-4.78259625,-4.71144475,1.114027678,25,1,0
loglik[4805],-4.72673798,-4.725245,-4.76370125,-4.69932125,1.085988363,32,1,0
loglik[4813],-10.00789344,-9.9811,-10.698135,-9.51470975,1.183819297,18,1,0
loglik[4816],-4.766860233,-4.766925,-4.8107945,-4.72920825,1.127828352,22,1,0
loglik[4821],-7.645217113,-7.63545,-8.0038305,-7.3278315,1.127131079,23,1,0
loglik[4822],-3.894643667,-3.895365,-4.0318455,-3.756789,1.091416731,30,1,0
loglik[4823],-3.710431753,-3.70972,-3.89626525,-3.52859525,1.040420416,65,1,0
loglik[4824],-4.747990427,-4.74729,-4.78978425,-4.71463025,1.109866736,26,1,0
loglik[4825],-4.710300107,-4.707995,-4.74239575,-4.69068,1.067130556,45,1,0
loglik[4828],-4.00967928,-4.01047,-4.13850975,-3.88202475,1.11539848,25,1,0
loglik[4829],-5.463894407,-5.46046,-5.53075,-5.4142375,1.144092808,22,1,0
loglik[4836],-4.718384973,-4.7168,-4.75183025,-4.69489225,1.084122081,34,1,0
loglik[4838],-4.202106493,-4.206185,-4.31501575,-4.076473,1.16008483,19,1,0
loglik[4839],-4.032312647,-4.034955,-4.15544525,-3.9090985,1.134132827,22,1,0
loglik[4841],-5.573725087,-5.56844,-5.70869875,-5.47087475,1.071026048,41,1,0
loglik[4848],-4.012645593,-4.01493,-4.13804925,-3.888367,1.127959394,23,1,0
loglik[4849],-5.457164293,-5.453435,-5.5230095,-5.4100225,1.137711523,23,1,0
loglik[4850],-4.241440667,-4.245625,-4.352701,-4.1107945,1.166396739,19,1,0
loglik[4856],-3.911344267,-3.91157,-4.051856,-3.770343,1.085938364,32,1,0
loglik[4857],-5.432257847,-5.428645,-5.4822505,-5.39785825,1.180792625,19,1,0
loglik[4859],-3.970345293,-3.971255,-4.10235325,-3.83694775,1.103064443,27,1,0
loglik[4863],-4.012645593,-4.01493,-4.13804925,-3.888367,1.127959394,23,1,0
loglik[4864],-4.709737333,-4.70705,-4.7428005,-4.6903095,1.060887625,51,1,0
loglik[4865],-7.20033124,-7.18681,-7.4699065,-6.98828375,1.177098135,18,1,0
loglik[4868],-12.23501015,-12.2037,-13.7595825,-10.8910775,1.041975473,65,1,0
loglik[4876],-5.051659173,-5.05256,-5.1579245,-4.934883,1.086773585,31,1,0
loglik[4879],-5.87804344,-5.873465,-6.35551475,-5.4091375,1.022631648,110,1,0
loglik[4883],-5.8362857,-5.831805,-5.907753,-5.80030325,1.186126302,20,1,0
loglik[4884],-4.968610053,-4.968545,-5.050079,-4.8747985,1.112903457,25,1,0
loglik[4888],-4.540688033,-4.542805,-4.67827525,-4.36746175,1.122984887,24,1,0
loglik[4896],-6.389036927,-6.38042,-6.5518405,-6.2828065,1.189870148,18,1,0
loglik[4898],-4.202106493,-4.206185,-4.31501575,-4.076473,1.16008483,19,1,0
loglik[4906],-4.981848313,-4.98181,-5.0707605,-4.88190125,1.100373456,28,1,0
loglik[4908],-4.641989253,-4.64585,-4.8060265,-4.4464465,1.094659162,30,1,0
loglik[4909],-4.30765046,-4.312175,-4.42168975,-4.1634895,1.164206368,19,1,0
loglik[4910],-4.405985273,-4.40994,-4.5281005,-4.2466975,1.145614338,21,1,0
loglik[4911],-4.58298834,-4.586635,-4.7342235,-4.39874975,1.105963767,27,1,0
loglik[4920],-4.40301908,-4.40642,-4.5194385,-4.25111025,1.154009515,20,1,0
loglik[4921],-4.52102112,-4.522995,-4.65545125,-4.35112325,1.127493615,23,1,0
loglik[4922],-4.304684013,-4.308115,-4.41585875,-4.165854,1.168460712,18,1,0
loglik[4923],-5.03805304,-5.038625,-5.138151,-4.9268625,1.093804086,29,1,0
loglik[4928],-4.2456831,-4.249975,-4.35597025,-4.10915225,1.169600624,18,1,0
loglik[4931],-4.7072944,-4.705205,-4.73685225,-4.68988475,1.070145925,43,1,0
loglik[4937],-4.032312647,-4.034955,-4.15544525,-3.9090985,1.134132827,22,1,0
loglik[4939],-4.838375507,-4.838915,-4.8918045,-4.7793285,1.151329724,20,1,0
loglik[4943],-6.118861393,-6.11067,-6.214631,-6.0767895,1.130318038,33,1,0
loglik[4945],-10.92526886,-10.89245,-11.7633725,-10.32496,1.181727677,18,1,0
loglik[4947],-4.228982513,-4.233245,-4.33802225,-4.09002575,1.169992116,18,1,0
loglik[4949],-4.804668167,-4.805325,-4.85181075,-4.753979,1.152383796,19,1,0
loglik[4950],-4.484653227,-4.48663,-4.61908125,-4.314758,1.127493145,23,1,0
loglik[4951],-4.363685033,-4.36817,-4.47928625,-4.217758,1.161234791,19,1,0
loglik[4956],-4.241440667,-4.245625,-4.352701,-4.1107945,1.166396739,19,1,0
loglik[4959],-5.393494227,-5.390805,-5.42288025,-5.38241475,1.257523941,16,1,0
loglik[4961],-4.843954093,-4.8449,-4.89593875,-4.78485775,1.155721251,19,1,0
loglik[4964],-4.363685033,-4.36817,-4.47928625,-4.217758,1.161234791,19,1,0
loglik[4978],-4.206349173,-4.210535,-4.317611,-4.0757045,1.166398424,19,1,0
loglik[4980],-4.504320507,-4.50644,-4.64190525,-4.33109175,1.122984603,24,1,0
loglik[4981],-9.829821287,-9.798815,-10.5155525,-9.34838725,1.18004365,18,1,0
loglik[4983],-4.2683165,-4.271745,-4.379494,-4.12948875,1.168463764,18,1,0
loglik[4987],-4.09131352,-4.095595,-4.208492,-3.9702505,1.151092297,20,1,0
loglik[4995],-4.14734822,-4.15122,-4.26370475,-4.023996,1.155884613,19,1,0
loglik[5003],-4.812755247,-4.813455,-4.8605135,-4.75957875,1.153253589,19,1,0
loglik[5021],-4.037862547,-4.04149,-4.1999005,-3.87576275,1.054802374,43,1,0
loglik[5022],-5.44792402,-5.443715,-5.53449825,-5.390772,1.021783721,94,1,0
loglik[5035],-4.734574353,-4.733095,-4.78789325,-4.69780375,1.053802509,45,1,0
loglik[5037],-4.745349627,-4.7423,-4.8025505,-4.70532425,1.053448829,48,1,0
loglik[5040],-4.093432407,-4.09706,-4.2554705,-3.93133275,1.054802042,43,1,0
loglik[5043],-4.75823112,-4.75401,-4.823998,-4.71045125,1.045417134,58,1,0
loglik[5044],-6.03633188,-6.02243,-6.34171325,-5.83535075,1.006102708,350,1,0
loglik[5053],-4.776310873,-4.772525,-4.84762425,-4.72237225,1.045282042,57,1,0
loglik[5058],-4.031044953,-4.03607,-4.201988,-3.86458475,1.053820011,43,1,0
loglik[5061],-5.430718887,-5.42512,-5.495142,-5.39013675,1.052397058,48,1,0
loglik[5064],-4.772403987,-4.76947,-4.8388005,-4.722629,1.051496449,49,1,0
loglik[5065],-3.99864874,-4.003465,-4.171957,-3.8298965,1.052858853,44,1,0
loglik[5069],-4.095811833,-4.089245,-4.31199,-3.89911475,1.026675381,90,1,0
loglik[5072],-6.044346873,-6.038415,-6.2647625,-5.8721935,1.015082592,140,1,0
loglik[5075],-5.438021027,-5.43405,-5.5172925,-5.388179,1.023488419,88,1,0
loglik[5082],-6.46265074,-6.464145,-6.61125525,-6.3272235,1.001905362,1500,1,0
loglik[5093],-5.397326667,-5.396175,-5.42041125,-5.38299475,1.000164152,1500,1,0
loglik[5095],-5.39121626,-5.38991,-5.4085415,-5.3821495,1.000089108,1500,1,0
loglik[5100],-9.142340333,-9.138725,-9.5636275,-8.72060125,1.002510158,1200,1,0
loglik[5101],-4.259627213,-4.25429,-4.3860875,-4.1442515,1.003435078,1500,1,0
loglik[5106],-4.81375366,-4.810475,-4.8802935,-4.75885,1.003773346,1500,1,0
loglik[5107],-4.295419493,-4.295065,-4.424102,-4.18164775,1.005274003,770,1,0
loglik[5108],-4.261331753,-4.256495,-4.385841,-4.14784275,1.003470915,1500,1,0
loglik[5117],-4.28860208,-4.28843,-4.4111565,-4.17999275,1.004041529,930,1,0
loglik[5121],-4.833841213,-4.83177,-4.88838925,-4.790238,1.004710186,1300,1,0
loglik[5122],-4.280079973,-4.27809,-4.39730475,-4.17711675,1.003255059,1400,1,0
loglik[5124],-4.269853773,-4.265485,-4.38539325,-4.16602075,1.003374972,1500,1,0
loglik[5126],-4.26303622,-4.258675,-4.38385875,-4.15178725,1.003486617,1500,1,0
loglik[5128],-4.261331753,-4.256495,-4.385841,-4.14784275,1.003470915,1500,1,0
loglik[5129],-4.828667973,-4.825585,-4.88251225,-4.7844325,1.004993114,1500,1,0
loglik[5130],-8.97974626,-8.984695,-9.4860935,-8.4992705,1.002077423,1500,1,0
loglik[5135],-4.266444927,-4.26159,-4.38299925,-4.16034475,1.003459913,1500,1,0
loglik[5136],-4.273262553,-4.26878,-4.39096725,-4.170409,1.003273094,1500,1,0
loglik[5138],-4.26303622,-4.258675,-4.38385875,-4.15178725,1.003486617,1500,1,0
loglik[5142],-4.25226018,-4.24741,-4.368814,-4.14615475,1.003459547,1500,1,0
loglik[5143],-4.297123867,-4.29721,-4.42700425,-4.1808785,1.005617524,750,1,0
loglik[5144],-4.28348886,-4.28173,-4.4009545,-4.18008275,1.00344504,1100,1,0
loglik[5145],-8.557539647,-8.54933,-8.96567025,-8.16374725,1.006091941,760,1,0
loglik[5149],-4.267599813,-4.265985,-4.3840785,-4.1644685,1.00332943,1200,1,0
loglik[5155],-6.546008213,-6.544835,-6.74834525,-6.371433,1.001491765,1500,1,0
loglik[5157],-4.838465707,-4.837485,-4.89679825,-4.79193425,1.005206101,840,1,0
loglik[5158],-4.276671387,-4.2732,-4.39386475,-4.174434,1.003212758,1500,1,0
loglik[5161],-9.986655493,-9.978075,-10.5262625,-9.4387035,1.003127093,1000,1,0
loglik[5162],-4.261331753,-4.256495,-4.385841,-4.14784275,1.003470915,1500,1,0
loglik[5169],-4.268149327,-4.263535,-4.38440825,-4.16403475,1.003422484,1500,1,0
loglik[5173],-4.288052473,-4.28827,-4.42076075,-4.16546025,1.006625529,690,1,0
loglik[5176],-4.28519334,-4.28414,-4.40180125,-4.18016825,1.003603519,1100,1,0
loglik[5186],-7.623596947,-7.629695,-7.91064825,-7.34642075,1.002216378,1500,1,0
loglik[5187],-4.320435847,-4.31832,-4.5141315,-4.1361235,1.00902879,630,1,0
loglik[5189],-4.25226018,-4.24741,-4.368814,-4.14615475,1.003459547,1500,1,0
loglik[5192],-4.228398807,-4.22386,-4.3799785,-4.082975,1.002300477,1500,1,0
loglik[5194],-4.245442807,-4.240105,-4.37190225,-4.1300715,1.003434696,1500,1,0
loglik[5196],-4.277826233,-4.27786,-4.40388325,-4.1676045,1.004615554,840,1,0
loglik[5197],-4.25055592,-4.246055,-4.3687475,-4.1417535,1.003482057,1500,1,0
loglik[5208],-4.820415387,-4.817285,-4.87686525,-4.774622,1.005015978,1500,1,0
loglik[5215],-4.27441738,-4.274245,-4.3969665,-4.16580275,1.004042035,930,1,0
loglik[5216],-4.279530467,-4.279145,-4.4070125,-4.16735675,1.004937732,800,1,0
loglik[5224],-4.265895427,-4.26391,-4.38312475,-4.16293675,1.003254381,1400,1,0
loglik[5234],-4.265895427,-4.26391,-4.38312475,-4.16293675,1.003254381,1400,1,0
loglik[5237],-4.247147153,-4.24231,-4.371651,-4.1336575,1.003471231,1500,1,0
loglik[5239],-4.282939373,-4.283025,-4.4128195,-4.1666985,1.00561727,750,1,0
loglik[5246],-4.265895427,-4.26391,-4.38312475,-4.16293675,1.003254381,1400,1,0
loglik[5249],-4.259077773,-4.254595,-4.3767825,-4.15622375,1.003272896,1500,1,0
loglik[5252],-4.27441738,-4.274245,-4.3969665,-4.16580275,1.004042035,930,1,0
loglik[5258],-4.265895427,-4.26391,-4.38312475,-4.16293675,1.003254381,1400,1,0
loglik[5260],-4.27441738,-4.274245,-4.3969665,-4.16580275,1.004042035,930,1,0
loglik[5263],-4.84679852,-4.844605,-4.92559575,-4.78118,1.00817315,600,1,0
loglik[5264],-4.24885142,-4.244495,-4.3696735,-4.1376025,1.003486658,1500,1,0
loglik[5269],-5.388541887,-5.38586,-5.408822,-5.38204,1.0219682,390,1,0
loglik[5273],-4.82322528,-4.82029,-4.8761615,-4.78052125,1.005019549,1500,1,0
loglik[5275],-4.822515033,-4.81946,-4.87546175,-4.7791625,1.005048229,1500,1,0
loglik[5276],-4.238625113,-4.23396,-4.3715895,-4.11388,1.003106059,1500,1,0
loglik[5281],-8.53990928,-8.542145,-8.88528075,-8.18855775,1.001908348,1500,1,0
loglik[5283],-4.27271288,-4.27233,-4.39180825,-4.1657885,1.003803483,990,1,0
loglik[5289],-4.28464378,-4.28468,-4.41465,-4.1673085,1.005960964,730,1,0
loglik[5291],-4.267599813,-4.265985,-4.3840785,-4.1644685,1.00332943,1200,1,0
loglik[5296],-4.83060186,-4.82925,-4.884828,-4.7865585,1.004957448,930,1,0
loglik[5297],-8.330576147,-8.322615,-8.71190075,-7.9535355,1.005161558,810,1,0
loglik[5298],-6.513548753,-6.51207,-6.650547,-6.37997675,1.001694254,1500,1,0
loglik[5302],-4.868608387,-4.86211,-5.0011075,-4.76381025,1.006675072,650,1,0
loglik[5304],-4.26078224,-4.25667,-4.378358,-4.15851175,1.003233743,1500,1,0
loglik[5309],-4.25226018,-4.24741,-4.368814,-4.14615475,1.003459547,1500,1,0
loglik[5311],-4.276121793,-4.27607,-4.4003135,-4.16747775,1.004314338,880,1,0
loglik[5312],-4.81768778,-4.81444,-4.87674875,-4.76907425,1.004676932,1500,1,0
loglik[5314],-4.86386118,-4.859165,-4.98334925,-4.7676475,1.007103554,640,1,0
loglik[5316],-4.820415387,-4.817285,-4.87686525,-4.774622,1.005015978,1500,1,0
loglik[5322],-4.831366767,-4.8303,-4.8869415,-4.7864855,1.005087422,880,1,0
loglik[5325],-4.245442807,-4.240105,-4.37190225,-4.1300715,1.003434696,1500,1,0
loglik[5327],-13.19760967,-13.20765,-14.3260725,-12.14389,1.001963982,1500,1,0
loglik[5328],-4.259077773,-4.254595,-4.3767825,-4.15622375,1.003272896,1500,1,0
loglik[5330],-4.23010324,-4.226105,-4.37855225,-4.08781,1.00244332,1500,1,0
loglik[5335],-5.390992487,-5.389595,-5.40825275,-5.38211475,1.000120589,1500,1,0
loglik[5337],-4.826851487,-4.824465,-4.880855,-4.78439275,1.004783471,1400,1,0
loglik[5339],-4.25226018,-4.24741,-4.368814,-4.14615475,1.003459547,1500,1,0
loglik[5347],-4.834112733,-4.83114,-4.889529,-4.78806275,1.004950851,1500,1,0
loglik[5348],-4.857392333,-4.853385,-4.9623445,-4.77302175,1.007690299,620,1,0
loglik[5349],-4.25055592,-4.246055,-4.3687475,-4.1417535,1.003482057,1500,1,0
loglik[5350],-7.764697887,-7.75933,-8.05680175,-7.472756,1.003011463,1100,1,0
loglik[5352],-9.906947413,-9.91368,-10.5499625,-9.303033,1.002015526,1500,1,0
loglik[5353],-10.31035493,-10.32385,-10.86756,-9.74466175,1.00223119,1500,1,0
loglik[5356],-4.269304213,-4.26755,-4.38676975,-4.16589275,1.00344534,1100,1,0
loglik[5358],-13.45847293,-13.4407,-14.48884,-12.446745,1.006101122,750,1,0
loglik[5359],-4.29487008,-4.295265,-4.43673,-4.161075,1.007748564,650,1,0
loglik[5364],-4.280079973,-4.27809,-4.39730475,-4.17711675,1.003255059,1400,1,0
loglik[5365],-4.267599813,-4.265985,-4.3840785,-4.1644685,1.00332943,1200,1,0
loglik[5367],-4.271558053,-4.267445,-4.38723175,-4.1687475,1.003322535,1500,1,0
loglik[5372],-6.4273466,-6.42441,-6.55206025,-6.30929225,1.002346986,1200,1,0
loglik[5374],-4.29201072,-4.29204,-4.41806325,-4.18178975,1.004615194,840,1,0
loglik[5375],-4.827591673,-4.82553,-4.88125925,-4.78483325,1.004762502,1300,1,0
loglik[5376],-4.269304213,-4.26755,-4.38676975,-4.16589275,1.00344534,1100,1,0
loglik[5379],-4.315322747,-4.31299,-4.4993615,-4.142428,1.009048296,630,1,0
loglik[5382],-4.834474127,-4.833325,-4.89467625,-4.787083,1.005864314,730,1,0
loglik[5385],-4.25737354,-4.253265,-4.37304175,-4.15456225,1.003322787,1500,1,0
loglik[5386],-4.836131747,-4.83448,-4.8915825,-4.7919715,1.004811365,1000,1,0
loglik[5387],-4.25226018,-4.24741,-4.368814,-4.14615475,1.003459547,1500,1,0
loglik[5390],-4.247147153,-4.24231,-4.371651,-4.1336575,1.003471231,1500,1,0
loglik[5396],-4.83213642,-4.831145,-4.8895535,-4.78649425,1.005246786,830,1,0
loglik[5400],-4.827591673,-4.82553,-4.88125925,-4.78483325,1.004762502,1300,1,0
loglik[5402],-4.264191027,-4.261465,-4.38049325,-4.16141325,1.003217747,1500,1,0
loglik[5407],-4.281784467,-4.28017,-4.39826325,-4.1786485,1.003329363,1200,1,0
loglik[5408],-4.8298421,-4.82819,-4.88440725,-4.78652675,1.004861248,990,1,0
loglik[5418],-4.828667973,-4.825585,-4.88251225,-4.7844325,1.004993114,1500,1,0
loglik[5423],-4.252809673,-4.24815,-4.3857795,-4.12806475,1.003106188,1500,1,0
loglik[5426],-4.816355313,-4.81321,-4.87749375,-4.7662975,1.004408126,1500,1,0
loglik[5427],-8.596542173,-8.604445,-8.98852975,-8.21290675,1.002303192,1500,1,0
loglik[5430],-4.24885142,-4.244495,-4.3696735,-4.1376025,1.003486658,1500,1,0
loglik[5433],-4.395429167,-4.391225,-4.783653,-4.019771,1.006581288,750,1,0
loglik[5438],-4.264191027,-4.261465,-4.38049325,-4.16141325,1.003217747,1500,1,0
loglik[5441],-4.2266944,-4.22245,-4.3829255,-4.07742575,1.002158559,1500,1,0
loglik[5442],-4.280079973,-4.27809,-4.39730475,-4.17711675,1.003255059,1400,1,0
loglik[5444],-10.30924102,-10.32335,-10.865015,-9.754895,1.002286684,1500,1,0
loglik[5445],-5.391947787,-5.390685,-5.40997325,-5.38222,1.000103024,1500,1,0
loglik[5447],-4.212167933,-4.21111,-4.32877125,-4.107143,1.003603345,1100,1,0
loglik[5448],-4.826116207,-4.82345,-4.880194,-4.78374375,1.004822366,1500,1,0
loglik[5449],-4.235216433,-4.230805,-4.3738545,-4.10426225,1.002859808,1500,1,0
loglik[5453],-4.26303622,-4.258675,-4.38385875,-4.15178725,1.003486617,1500,1,0
loglik[5454],-4.207054973,-4.20507,-4.32428475,-4.10409675,1.003254304,1400,1,0
loglik[5456],-4.823940407,-4.821125,-4.876644,-4.7812585,1.004977723,1500,1,0
loglik[5466],-4.296574433,-4.296865,-4.44199775,-4.16083325,1.00797332,640,1,0
loglik[5467],-4.320985293,-4.319175,-4.48497,-4.163172,1.008837647,620,1,0
loglik[5470],-4.28634814,-4.28626,-4.41663125,-4.166746,1.006298798,710,1,0
loglik[5473],-4.282939373,-4.283025,-4.4128195,-4.1666985,1.00561727,750,1,0
loglik[5474],-13.77116233,-13.79125,-14.76627,-12.7879725,1.002437474,1500,1,0
loglik[5475],-4.269304213,-4.26755,-4.38676975,-4.16589275,1.00344534,1100,1,0
loglik[5477],-4.277826233,-4.27786,-4.40388325,-4.1676045,1.004615554,840,1,0
loglik[5478],-4.835363247,-4.83378,-4.8902095,-4.7914155,1.004746251,1100,1,0
loglik[5480],-5.3885179,-5.385775,-5.40909825,-5.38204,1.023566551,370,1,0
loglik[5484],-4.308505273,-4.30634,-4.47557,-4.147998,1.008910036,620,1,0
loglik[5486],-4.296574433,-4.296865,-4.44199775,-4.16083325,1.00797332,640,1,0
loglik[5494],-4.289756807,-4.28974,-4.42505925,-4.1651885,1.006937158,680,1,0
loglik[5495],-4.835263013,-4.8341,-4.896161,-4.78712225,1.006097635,710,1,0
loglik[5497],-4.28464378,-4.28468,-4.41465,-4.1673085,1.005960964,730,1,0
loglik[5499],-4.27441738,-4.274245,-4.3969665,-4.16580275,1.004042035,930,1,0
loglik[5500],-4.386907087,-4.38149,-4.751139,-4.03251825,1.006818398,740,1,0
loglik[5501],-4.282939373,-4.283025,-4.4128195,-4.1666985,1.00561727,750,1,0
loglik[5506],-4.836855033,-4.8358,-4.89860025,-4.78706425,1.006568719,670,1,0
loglik[5507],-4.293165493,-4.29289,-4.43258975,-4.16202875,1.007500383,660,1,0
loglik[5508],-4.32214028,-4.31975,-4.520889,-4.13250875,1.009005245,630,1,0
loglik[5511],-4.848519773,-4.84565,-4.930922,-4.77983425,1.008189659,600,1,0
loglik[5512],-4.28464378,-4.28468,-4.41465,-4.1673085,1.005960964,730,1,0
loglik[5513],-4.835263013,-4.8341,-4.896161,-4.78712225,1.006097635,710,1,0
loglik[5514],-4.29201072,-4.29204,-4.41806325,-4.18178975,1.004615194,840,1,0
loglik[5517],-4.269304213,-4.26755,-4.38676975,-4.16589275,1.00344534,1100,1,0
loglik[5519],-4.849069113,-4.84783,-4.920447,-4.7900115,1.007837075,610,1,0
loglik[5522],-4.271008493,-4.26995,-4.3876165,-4.165983,1.003603311,1100,1,0
loglik[5523],-4.262486467,-4.25901,-4.37967475,-4.160244,1.003212529,1500,1,0
loglik[5528],-11.75162607,-11.737,-12.5456325,-10.9540975,1.005201517,810,1,0
loglik[5530],-5.38872972,-5.38641,-5.40772975,-5.38204,1.015607791,560,1,0
loglik[5532],-4.84326204,-4.84222,-4.90597025,-4.7925195,1.006545787,670,1,0
loglik[5533],-7.96987848,-7.964235,-8.284912,-7.65573075,1.004680764,850,1,0
loglik[5536],-4.2999833,-4.2993,-4.4517785,-4.158028,1.00835034,630,1,0
loglik[5537],-4.30735034,-4.307075,-4.44677975,-4.17621875,1.007500653,660,1,0
loglik[5539],-5.38849756,-5.385685,-5.4104805,-5.38204,1.026724068,320,1,0
loglik[5540],-9.895464373,-9.87986,-10.5518775,-9.2808085,1.008130161,670,1,0
loglik[5548],-4.838465893,-4.837415,-4.90176875,-4.7863645,1.007013772,650,1,0
loglik[5554],-6.432811767,-6.431325,-6.553805,-6.31590925,1.001611882,1500,1,0
loglik[5555],-4.8298421,-4.82819,-4.88440725,-4.78652675,1.004861248,990,1,0
loglik[5557],-4.838465707,-4.837485,-4.89679825,-4.79193425,1.005206101,840,1,0
loglik[5560],-5.906862847,-5.90498,-5.97259675,-5.8488035,1.001548722,1500,1,0
loglik[5563],-4.262486467,-4.25901,-4.37967475,-4.160244,1.003212529,1500,1,0
loglik[5564],-4.29827872,-4.29847,-4.44674925,-4.15912625,1.008173669,640,1,0
loglik[5570],-4.265895427,-4.26391,-4.38312475,-4.16293675,1.003254381,1400,1,0
loglik[5571],-5.388968033,-5.386785,-5.406951,-5.38205,1.011066518,780,1,0
loglik[5572],-4.8417438,-4.840585,-4.9101115,-4.784708,1.007711881,610,1,0
loglik[5575],-4.303391893,-4.302285,-4.46141075,-4.1525975,1.00863548,630,1,0
loglik[5576],-10.1257236,-10.1149,-10.7888575,-9.49834625,1.007375259,700,1,0
loglik[5577],-4.282939373,-4.283025,-4.4128195,-4.1666985,1.00561727,750,1,0
loglik[5580],-4.265895427,-4.26391,-4.38312475,-4.16293675,1.003254381,1400,1,0
loglik[5581],-4.264191027,-4.261465,-4.38049325,-4.16141325,1.003217747,1500,1,0
loglik[5584],-4.267599813,-4.265985,-4.3840785,-4.1644685,1.00332943,1200,1,0
loglik[5592],-5.388513227,-5.3855,-5.41141725,-5.38204,1.029785788,290,1,0
loglik[5595],-4.347706127,-4.342515,-4.60516975,-4.09960275,1.008181127,670,1,0
loglik[5596],-4.28519334,-4.28414,-4.40180125,-4.18016825,1.003603519,1100,1,0
loglik[5598],-4.281235,-4.280885,-4.409912,-4.16745775,1.005274235,770,1,0
loglik[5599],-4.305645833,-4.30514,-4.44175,-4.17773625,1.007229012,670,1,0
loglik[5600],-4.8298421,-4.82819,-4.88440725,-4.78652675,1.004861248,990,1,0
loglik[5612],-5.391754167,-5.38731,-5.4236505,-5.38204,1.030514977,240,1,0
loglik[5616],-3.645500767,-3.648985,-3.81373925,-3.45514075,1.016951152,120,1,0
loglik[5618],-3.619343973,-3.622175,-3.785199,-3.436163,1.017075934,130,1,0
loglik[5621],-5.21471416,-5.206105,-5.49333225,-4.99051975,1.003830199,1400,1,0
loglik[5622],-7.235489167,-7.22196,-7.65094325,-6.8556005,1.011436701,310,1,0
loglik[5624],-3.75701286,-3.76125,-3.922589,-3.5850415,1.016324124,140,1,0
loglik[5625],-4.248687493,-4.246115,-4.47404775,-4.0551455,1.007609115,390,1,0
loglik[5626],-5.516690413,-5.510855,-5.6364235,-5.43213125,1.018224502,150,1,0
loglik[5627],-7.92437594,-7.8981,-8.58624375,-7.41788525,1.017561792,120,1,0
loglik[5631],-3.704501627,-3.70733,-3.870359,-3.52131825,1.017075704,130,1,0
loglik[5634],-7.173109227,-7.16167,-7.60914675,-6.801346,1.007757961,820,1,0
loglik[5641],-4.55777884,-4.556425,-4.7321535,-4.378079,1.034738624,64,1,0
loglik[5643],-4.69330458,-4.691065,-4.70954075,-4.68888,1.054296478,110,1,0
loglik[5651],-4.00710312,-4.007635,-4.113089,-3.89322075,1.047955796,47,1,0
loglik[5652],-4.066104087,-4.066665,-4.16966475,-3.9541115,1.052686,43,1,0
loglik[5653],-4.695093893,-4.6921,-4.71743025,-4.68889,1.050316634,120,1,0
loglik[5655],-18.88296893,-18.84505,-20.6444325,-17.25155,1.034962156,66,1,0
loglik[5658],-8.682207347,-8.656515,-9.45714125,-8.05811175,1.027400354,92,1,0
loglik[5660],-3.907793347,-3.90886,-4.02704675,-3.78921825,1.034949334,64,1,0
loglik[5665],-3.849767267,-3.84969,-3.97333125,-3.72796325,1.030572821,73,1,0
loglik[5666],-3.71112356,-3.71014,-3.859329,-3.565014,1.016807804,130,1,0
loglik[5668],-3.751432407,-3.74995,-3.8883555,-3.61535425,1.021170892,110,1,0
loglik[5674],-4.007970973,-4.008865,-4.11270725,-3.89576925,1.051332282,44,1,0
loglik[5678],-8.008459107,-8.000815,-8.35919175,-7.72413275,1.057295491,41,1,0
loglik[5681],-3.966794353,-3.967345,-4.0781565,-3.85053925,1.041714842,54,1,0
loglik[5687],-6.049510013,-6.045995,-6.16304425,-5.96283575,1.058394408,41,1,0
loglik[5688],-4.70914974,-4.70784,-4.734886,-4.69212375,1.028171162,76,1,0
loglik[5691],-4.223440007,-4.22398,-4.33437675,-4.0995085,1.054205137,42,1,0
loglik[5698],-3.92843522,-3.92895,-4.041682,-3.81115625,1.039470009,57,1,0
loglik[5702],-3.71229464,-3.71135,-3.84425625,-3.5825055,1.024619626,90,1,0
loglik[5703],-4.735910693,-4.735025,-4.76723925,-4.708879,1.047518957,47,1,0
loglik[5705],-4.71660036,-4.715365,-4.74481925,-4.69593075,1.031301698,68,1,0
loglik[5706],-4.854007747,-4.85337,-4.91750975,-4.79326575,1.047989487,46,1,0
loglik[5709],-4.70914974,-4.70784,-4.734886,-4.69212375,1.028171162,76,1,0
loglik[5719],-4.697824313,-4.69607,-4.7168015,-4.68896475,1.022366607,110,1,0
loglik[5730],-4.700138307,-4.6982,-4.72200025,-4.68913,1.019576195,120,1,0
loglik[5733],-3.968637073,-3.96917,-4.074629,-3.854756,1.047954325,47,1,0
loglik[5734],-3.790962733,-3.791625,-3.91272975,-3.6714585,1.0327309,68,1,0
loglik[5737],-4.026770193,-4.027535,-4.13304775,-3.914749,1.049745915,46,1,0
loglik[5739],-4.70573142,-4.70407,-4.73051675,-4.69051375,1.023591971,91,1,0
loglik[5744],-4.065129313,-4.066025,-4.16986725,-3.95292925,1.05133277,44,1,0
loglik[5746],-4.810872067,-4.810285,-4.862432,-4.761278,1.051113784,44,1,0
loglik[5753],-6.292041527,-6.287035,-6.45971725,-6.15335775,1.047124241,50,1,0
loglik[5756],-9.358692027,-9.347235,-9.89932325,-8.89178225,1.044038683,53,1,0
loglik[5757],-4.22246522,-4.223485,-4.331236,-4.1021245,1.054835757,41,1,0
loglik[5763],-5.387611613,-5.385295,-5.40704575,-5.38203,1.071649373,55,1,0
loglik[5764],-4.007970973,-4.008865,-4.11270725,-3.89576925,1.051332282,44,1,0
loglik[5779],-3.790962733,-3.791625,-3.91272975,-3.6714585,1.0327309,68,1,0
loglik[5785],-3.927460327,-3.92821,-4.04310925,-3.81001725,1.037204087,60,1,0
loglik[5788],-4.746621593,-4.745755,-4.781221,-4.7164875,1.046231557,48,1,0
loglik[5789],-4.694336593,-4.69221,-4.71067775,-4.68889,1.019180073,230,1,0
loglik[5791],-4.83544364,-4.83496,-4.89067775,-4.78143275,1.051250795,44,1,0
loglik[5796],-3.79163404,-3.79174,-3.91785825,-3.66648875,1.028493816,78,1,0
loglik[5806],-3.771967113,-3.771435,-3.90061675,-3.64493225,1.026507095,84,1,0
loglik[5807],-4.70914974,-4.70784,-4.734886,-4.69212375,1.028171162,76,1,0
loglik[5810],-3.80945834,-3.80852,-3.94142625,-3.67967075,1.02462103,90,1,0
loglik[5811],-7.23683124,-7.228115,-7.5217355,-7.01025225,1.054479206,43,1,0
loglik[5814],-5.44737792,-5.444845,-5.49908825,-5.41085175,1.057064182,43,1,0
loglik[5825],-4.322642773,-4.322815,-4.457052,-4.180078,1.046553583,48,1,0
loglik[5830],-3.653293593,-3.651765,-3.793399,-3.5152475,1.019609493,110,1,0
loglik[5833],-4.085967433,-4.08608,-4.19220675,-3.9696815,1.055489865,41,1,0
loglik[5834],-3.71229464,-3.71135,-3.84425625,-3.5825055,1.024619626,90,1,0
loglik[5838],-3.889297433,-3.890145,-3.9984965,-3.7748765,1.043902069,51,1,0
loglik[5842],-3.751628693,-3.75174,-3.8778535,-3.62647875,1.028494207,78,1,0
loglik[5852],-8.99732382,-8.98151,-9.546926,-8.54898275,1.052017095,45,1,0
loglik[5854],-17.14602787,-17.1016,-19.5340275,-15.060685,1.013300244,200,1,0
loglik[5857],-3.90896446,-3.909895,-4.017023,-3.7948925,1.045994955,49,1,0
loglik[5859],-4.735910693,-4.735025,-4.76723925,-4.708879,1.047518957,47,1,0
loglik[5866],-3.967965467,-3.968865,-4.07269725,-3.85575925,1.051333229,44,1,0
loglik[5869],-3.88812636,-3.888795,-4.0098945,-3.76862375,1.032730106,68,1,0
loglik[5875],-4.066971727,-4.066385,-4.168915,-3.953213,1.05461644,42,1,0
loglik[5876],-6.086489993,-6.08395,-6.20792575,-5.99361525,1.057562486,41,1,0
loglik[5878],-4.00710312,-4.007635,-4.113089,-3.89322075,1.047955796,47,1,0
loglik[5880],-4.8187049,-4.81769,-4.86997375,-4.76844375,1.052060269,43,1,0
loglik[5883],-4.125105053,-4.125765,-4.22729925,-4.01057425,1.055174596,41,1,0
loglik[5884],-4.752627993,-4.75184,-4.78803975,-4.72086375,1.048136051,46,1,0
loglik[5888],-3.82912548,-3.828595,-3.95777675,-3.70209225,1.026506446,84,1,0
loglik[5890],-4.7090308,-4.707595,-4.73530725,-4.69197425,1.026040561,82,1,0
loglik[5894],-4.794172747,-4.793205,-4.837911,-4.75210225,1.053709627,42,1,0
loglik[5895],-4.818253327,-4.81744,-4.86776025,-4.7691495,1.052813784,42,1,0
loglik[5898],-4.794172747,-4.793205,-4.837911,-4.75210225,1.053709627,42,1,0
loglik[5904],-4.692787873,-4.69067,-4.7088155,-4.68888,1.046821975,140,1,0
loglik[5906],-4.70573142,-4.70407,-4.73051675,-4.69051375,1.023591971,91,1,0
loglik[5913],-4.746621593,-4.745755,-4.781221,-4.7164875,1.046231557,48,1,0
loglik[5916],-3.810629507,-3.8117,-3.92988675,-3.69205825,1.034948357,64,1,0
loglik[5917],-13.073513,-13.05155,-14.0580775,-12.2170025,1.045957767,50,1,0
loglik[5919],-3.771295533,-3.77122,-3.89486125,-3.649488,1.030573493,73,1,0
loglik[5923],-4.691853287,-4.69033,-4.70311625,-4.68888,1.01935207,560,1,0
loglik[5927],-4.725617167,-4.72466,-4.753954,-4.702059,1.046947815,47,1,0
loglik[5934],-3.692627587,-3.6912,-3.82671925,-3.56030175,1.022840913,97,1,0
loglik[5937],-4.765941907,-4.764945,-4.80565,-4.72918175,1.053232085,42,1,0
loglik[5938],-4.026966513,-4.026375,-4.12890975,-3.913203,1.054618291,42,1,0
loglik[5939],-4.699961053,-4.698525,-4.71925825,-4.68920475,1.02847542,78,1,0
loglik[5941],-3.810629507,-3.8117,-3.92988675,-3.69205825,1.034948357,64,1,0
loglik[5943],-3.771967113,-3.771435,-3.90061675,-3.64493225,1.026507095,84,1,0
loglik[5947],-8.012861547,-8.008445,-8.36078225,-7.7323875,1.056553255,41,1,0
loglik[5950],-4.70573142,-4.70407,-4.73051675,-4.69051375,1.023591971,91,1,0
loglik[5953],-4.165306633,-4.166325,-4.274076,-4.04496925,1.054838277,41,1,0
loglik[5959],-4.007970973,-4.008865,-4.11270725,-3.89576925,1.051332282,44,1,0
loglik[5961],-16.32232227,-16.29295,-17.6580225,-15.1792275,1.053062876,44,1,0
loglik[5962],-3.810629507,-3.8117,-3.92988675,-3.69205825,1.034948357,64,1,0
loglik[5964],-4.7589055,-4.758045,-4.7952055,-4.7256255,1.049795376,45,1,0
loglik[5966],-4.753042807,-4.752075,-4.788075,-4.720516,1.052953689,42,1,0
loglik[5967],-4.735692407,-4.73469,-4.76737825,-4.7084055,1.043841947,50,1,0
loglik[5969],-3.94712734,-3.94765,-4.06037675,-3.82984625,1.039469816,57,1,0
loglik[5970],-3.79163404,-3.79174,-3.91785825,-3.66648875,1.028493816,78,1,0
loglik[5973],-4.810431447,-4.80959,-4.85878025,-4.7627395,1.052763553,42,1,0
loglik[5975],-4.697824313,-4.69607,-4.7168015,-4.68896475,1.022366607,110,1,0
loglik[5977],-4.12413038,-4.123545,-4.226075,-4.01036775,1.054618267,42,1,0
loglik[5978],-3.83010034,-3.83021,-3.95632825,-3.70494875,1.028494261,78,1,0
loglik[5979],-3.907793347,-3.90886,-4.02704675,-3.78921825,1.034949334,64,1,0
loglik[5981],-4.144968353,-4.145505,-4.25590675,-4.0210385,1.054203713,42,1,0
loglik[5982],-4.794172747,-4.793205,-4.837911,-4.75210225,1.053709627,42,1,0
loglik[5985],-4.025795273,-4.026325,-4.13178375,-3.91191075,1.047955496,47,1,0
loglik[5987],-17.92790913,-17.8889,-20.30411,-15.85189,1.01498529,170,1,0
loglik[5991],-3.967769127,-3.968615,-4.0769765,-3.8533465,1.043902569,51,1,0
loglik[5992],-3.967965467,-3.968865,-4.07269725,-3.85575925,1.051333229,44,1,0
loglik[5993],-4.70018562,-4.69841,-4.72165825,-4.68912475,1.02108236,110,1,0
loglik[5994],-4.084796293,-4.08536,-4.1883595,-3.97280675,1.052685699,43,1,0
loglik[5998],-3.771967113,-3.771435,-3.90061675,-3.64493225,1.026507095,84,1,0
loglik[6005],-4.70283692,-4.70114,-4.7257615,-4.689679,1.023167711,94,1,0
loglik[6006],-8.268511313,-8.22024,-9.131951,-7.69312225,1.020799549,150,1,0
loglik[6011],-13.75018467,-13.7224,-14.8650225,-12.73353,1.037218565,62,1,0
loglik[6012],-3.968637073,-3.96917,-4.074629,-3.854756,1.047954325,47,1,0
loglik[6014],-4.735445093,-4.73453,-4.76775625,-4.7081885,1.04175462,52,1,0
loglik[6017],-5.473112087,-5.47043,-5.53450225,-5.427599,1.054952713,44,1,0
loglik[6018],-3.751628693,-3.75174,-3.8778535,-3.62647875,1.028494207,78,1,0
loglik[6021],-3.82912548,-3.828595,-3.95777675,-3.70209225,1.026506446,84,1,0
loglik[6023],-4.399468153,-4.399945,-4.53712775,-4.25565875,1.045271434,49,1,0
loglik[6026],-5.942622933,-5.93818,-6.0462615,-5.867606,1.053141411,46,1,0
loglik[6032],-4.725617167,-4.72466,-4.753954,-4.702059,1.046947815,47,1,0
loglik[6034],-4.341638247,-4.34125,-4.48408475,-4.19034925,1.042729531,52,1,0
loglik[6037],-4.026966513,-4.026375,-4.12890975,-3.913203,1.054618291,42,1,0
loglik[6039],-4.872923173,-4.87176,-4.941871,-4.80734425,1.045539644,49,1,0
loglik[6044],-4.615805073,-4.61372,-4.7992465,-4.42948575,1.032806926,68,1,0
loglik[6046],-4.066971727,-4.066385,-4.168915,-3.953213,1.05461644,42,1,0
loglik[6048],-4.06630054,-4.066765,-4.169953,-3.951423,1.055462789,41,1,0
loglik[6050],-3.968637073,-3.96917,-4.074629,-3.854756,1.047954325,47,1,0
loglik[6051],-4.47911086,-4.47842,-4.63579075,-4.31621,1.03908756,57,1,0
loglik[6054],-4.765788827,-4.76455,-4.80279,-4.7304255,1.052127414,43,1,0
loglik[6057],-5.062919653,-5.06063,-5.20017675,-4.938781,1.027794322,78,1,0
loglik[6058],-5.838061313,-5.833755,-5.9092365,-5.7959085,1.048272406,59,1,0
loglik[6061],-4.22246522,-4.223485,-4.331236,-4.1021245,1.054835757,41,1,0
loglik[6062],-4.06630054,-4.066765,-4.169953,-3.951423,1.055462789,41,1,0
loglik[6063],-3.948298567,-3.94906,-4.05457775,-3.836279,1.049745028,46,1,0
loglik[6065],-4.084796293,-4.08536,-4.1883595,-3.97280675,1.052685699,43,1,0
loglik[6067],-4.836232307,-4.83496,-4.899841,-4.77694425,1.045408711,49,1,0
loglik[6069],-4.243107093,-4.243255,-4.357618,-4.11617175,1.053404717,42,1,0
loglik[6071],-14.27470793,-14.2519,-15.437095,-13.2535525,1.041618869,56,1,0
loglik[6072],-5.4829596,-5.4803,-5.54906175,-5.43451175,1.053145952,46,1,0
loglik[6073],-4.263641813,-4.26513,-4.38895675,-4.1279065,1.050274592,45,1,0
loglik[6076],-4.262970433,-4.264075,-4.395108,-4.12205,1.047825081,47,1,0
loglik[6077],-4.125301513,-4.12632,-4.23407075,-4.00495925,1.054835983,41,1,0
loglik[6078],-8.33304214,-8.319695,-8.78473825,-7.966647,1.052109049,45,1,0
loglik[6081],-4.20279806,-4.203175,-4.31156,-4.084048,1.05527338,41,1,0
loglik[6082],-4.08577112,-4.085975,-4.18656,-3.97360725,1.053785672,42,1,0
loglik[6086],-3.948102127,-3.948655,-4.0594665,-3.8318445,1.041714615,54,1,0
loglik[6088],-4.10543818,-4.104845,-4.207385,-3.991673,1.054619456,42,1,0
loglik[6093],-4.752932427,-4.752045,-4.787965,-4.72114075,1.049631943,45,1,0
loglik[6096],-6.19259796,-6.18895,-6.33601075,-6.08078575,1.056553311,42,1,0
loglik[6097],-4.7589055,-4.758045,-4.7952055,-4.7256255,1.049795376,45,1,0
loglik[6103],-4.725628693,-4.7246,-4.755322,-4.70169275,1.038953496,56,1,0
loglik[6105],-4.00710312,-4.007635,-4.113089,-3.89322075,1.047955796,47,1,0
loglik[6113],-4.341442067,-4.342545,-4.473578,-4.20052525,1.047825135,47,1,0
loglik[6114],-4.203773047,-4.20479,-4.31254075,-4.0834345,1.054835779,41,1,0
loglik[6115],-5.386240733,-5.38409,-5.40312025,-5.38203,1.073137999,64,1,0
loglik[6124],-4.20279806,-4.203175,-4.31156,-4.084048,1.05527338,41,1,0
loglik[6127],-4.164439087,-4.16455,-4.27067675,-4.04815625,1.055489302,41,1,0
loglik[6134],-4.725617167,-4.72466,-4.753954,-4.702059,1.046947815,47,1,0
loglik[6136],-4.7866194,-4.78578,-4.82800075,-4.746465,1.053509839,42,1,0
loglik[6138],-4.616779827,-4.615235,-4.80495175,-4.42676425,1.031901579,69,1,0
loglik[6140],-5.430391767,-5.426265,-5.497061,-5.3876445,1.026851663,84,1,0
loglik[6144],-4.82673798,-4.82574,-4.879179,-4.775059,1.052110163,43,1,0
loglik[6145],-4.0466336,-4.047295,-4.14882925,-3.93210425,1.055176522,41,1,0
loglik[6146],-4.772252173,-4.771025,-4.8104605,-4.73544025,1.052247049,43,1,0
