"","Date","st_occation","end_occation","Todd_WL","Indian_WL","Month","Year","Jdate"
"1",2016-01-06,2,3,0.338,0.211,"01","16",16806
"2",2016-01-07,2,3,0.338,0.211,"01","16",16807
"3",2016-01-08,2,3,0.341,0.209,"01","16",16808
"4",2016-01-09,2,3,0.339,0.207,"01","16",16809
"5",2016-01-10,2,3,0.37,0.218,"01","16",16810
"6",2016-01-11,3,4,0.339,0.203,"01","16",16811
"7",2016-01-12,3,4,0.333,0.201,"01","16",16812
"8",2016-01-13,3,4,0.331,0.2,"01","16",16813
"9",2016-01-14,3,4,0.331,0.199,"01","16",16814
"10",2016-01-15,3,4,0.424,0.235,"01","16",16815
"11",2016-01-16,3,4,0.39,0.223,"01","16",16816
"12",2016-01-17,3,4,0.357,0.208,"01","16",16817
"13",2016-01-18,3,4,0.341,0.201,"01","16",16818
"14",2016-01-19,3,4,0.334,0.195,"01","16",16819
"15",2016-01-20,3,4,0.335,0.195,"01","16",16820
"16",2016-01-21,3,4,0.333,0.194,"01","16",16821
"17",2016-01-22,3,4,0.462,0.247,"01","16",16822
"18",2016-01-23,3,4,0.392,0.219,"01","16",16823
"19",2016-01-24,3,4,0.366,0.206,"01","16",16824
"20",2016-01-25,3,4,0.359,0.205,"01","16",16825
"21",2016-01-26,3,4,0.354,0.202,"01","16",16826
"22",2016-01-27,3,4,0.353,0.203,"01","16",16827
"23",2016-01-28,3,4,0.347,0.198,"01","16",16828
"24",2016-01-29,3,4,0.343,0.197,"01","16",16829
"25",2016-01-30,3,4,0.337,0.196,"01","16",16830
"26",2016-01-31,3,4,0.336,0.199,"01","16",16831
"27",2016-02-01,3,4,0.336,0.201,"02","16",16832
"28",2016-02-02,3,4,0.337,0.202,"02","16",16833
"29",2016-02-03,3,4,0.401,0.225,"02","16",16834
"30",2016-02-04,3,4,0.37,0.214,"02","16",16835
"31",2016-02-05,3,4,0.344,0.204,"02","16",16836
"32",2016-02-06,3,4,0.338,0.2,"02","16",16837
"33",2016-02-07,3,4,0.336,0.2,"02","16",16838
"34",2016-02-08,3,4,0.337,0.201,"02","16",16839
"35",2016-02-09,3,4,0.335,0.197,"02","16",16840
"36",2016-02-10,3,4,0.328,0.195,"02","16",16841
"37",2016-02-11,3,4,0.327,0.194,"02","16",16842
"38",2016-02-12,3,4,0.327,0.195,"02","16",16843
"39",2016-02-13,3,4,0.326,0.194,"02","16",16844
"40",2016-02-14,3,4,0.323,0.191,"02","16",16845
"41",2016-02-15,3,4,0.325,0.193,"02","16",16846
"42",2016-02-16,3,4,0.346,0.204,"02","16",16847
"43",2016-02-17,3,4,0.333,0.199,"02","16",16848
"44",2016-02-18,3,4,0.327,0.195,"02","16",16849
"45",2016-02-19,3,4,0.326,0.195,"02","16",16850
"46",2016-02-20,3,4,0.327,0.196,"02","16",16851
"47",2016-02-21,3,4,0.327,0.2,"02","16",16852
"48",2016-02-22,3,4,0.33,0.202,"02","16",16853
"49",2016-02-23,3,4,0.368,0.215,"02","16",16854
"50",2016-02-24,3,4,0.385,0.226,"02","16",16855
"51",2016-02-25,3,4,0.35,0.211,"02","16",16856
"52",2016-02-26,3,4,0.337,0.203,"02","16",16857
"53",2016-02-27,3,4,0.332,0.2,"02","16",16858
"54",2016-02-28,3,4,0.331,0.2,"02","16",16859
"55",2016-02-29,3,4,0.331,0.203,"02","16",16860
"56",2016-03-01,3,4,0.331,0.203,"03","16",16861
"57",2016-03-02,3,4,0.332,0.203,"03","16",16862
"58",2016-03-03,3,4,0.326,0.198,"03","16",16863
"59",2016-03-04,3,4,0.328,0.198,"03","16",16864
"60",2016-03-05,3,4,0.325,0.195,"03","16",16865
"61",2016-03-06,3,4,0.324,0.194,"03","16",16866
"62",2016-03-07,3,4,0.324,0.194,"03","16",16867
"63",2016-03-08,3,4,0.325,0.196,"03","16",16868
"64",2016-03-09,3,4,0.325,0.197,"03","16",16869
"65",2016-03-10,3,4,0.325,0.199,"03","16",16870
"66",2016-03-11,4,5,0.324,0.199,"03","16",16871
"67",2016-03-12,4,5,0.324,0.199,"03","16",16872
"68",2016-03-13,4,5,0.351,0.208,"03","16",16873
"69",2016-03-14,4,5,0.339,0.202,"03","16",16874
"70",2016-03-15,4,5,0.332,0.199,"03","16",16875
"71",2016-03-16,4,5,0.329,0.199,"03","16",16876
"72",2016-03-17,4,5,0.328,0.196,"03","16",16877
"73",2016-03-18,4,5,0.324,0.196,"03","16",16878
"74",2016-03-19,4,5,0.325,0.197,"03","16",16879
"75",2016-03-20,4,5,0.321,0.193,"03","16",16880
"76",2016-03-21,4,5,0.316,0.19,"03","16",16881
"77",2016-03-22,4,5,0.315,0.188,"03","16",16882
"78",2016-03-23,4,5,0.316,0.192,"03","16",16883
"79",2016-03-24,4,5,0.318,0.194,"03","16",16884
"80",2016-03-25,4,5,0.318,0.194,"03","16",16885
"81",2016-03-26,4,5,0.314,0.192,"03","16",16886
"82",2016-03-27,4,5,0.318,0.193,"03","16",16887
"83",2016-03-28,4,5,0.32,0.195,"03","16",16888
"84",2016-03-29,4,5,0.315,0.193,"03","16",16889
"85",2016-03-30,4,5,0.312,0.191,"03","16",16890
"86",2016-03-31,4,5,0.314,0.193,"03","16",16891
"87",2016-04-01,4,5,0.336,0.202,"04","16",16892
"88",2016-04-02,4,5,0.317,0.194,"04","16",16893
"89",2016-04-03,4,5,0.308,0.19,"04","16",16894
"90",2016-04-04,4,5,0.308,0.19,"04","16",16895
"91",2016-04-05,4,5,0.309,0.191,"04","16",16896
"92",2016-04-06,4,5,0.306,0.188,"04","16",16897
"93",2016-04-07,4,5,0.34,0.203,"04","16",16898
"94",2016-04-08,4,5,0.317,0.192,"04","16",16899
"95",2016-04-09,4,5,0.311,0.19,"04","16",16900
"96",2016-04-10,4,5,0.306,0.186,"04","16",16901
"97",2016-04-11,4,5,0.308,0.188,"04","16",16902
"98",2016-04-12,4,5,0.312,0.192,"04","16",16903
"99",2016-04-13,4,5,0.305,0.189,"04","16",16904
"100",2016-04-14,4,5,0.304,0.188,"04","16",16905
"101",2016-04-15,4,5,0.3,0.188,"04","16",16906
"102",2016-04-16,4,5,0.298,0.187,"04","16",16907
"103",2016-04-17,4,5,0.297,0.185,"04","16",16908
"104",2016-04-18,4,5,0.297,0.186,"04","16",16909
"105",2016-04-19,4,5,0.298,0.192,"04","16",16910
"106",2016-04-20,4,5,0.299,0.195,"04","16",16911
"107",2016-04-21,4,5,0.297,0.197,"04","16",16912
"108",2016-04-22,4,5,0.308,0.202,"04","16",16913
"109",2016-04-23,4,5,0.311,0.201,"04","16",16914
"110",2016-04-24,4,5,0.296,0.198,"04","16",16915
"111",2016-04-25,4,5,0.295,0.198,"04","16",16916
"112",2016-04-26,4,5,0.294,0.196,"04","16",16917
"113",2016-04-27,4,5,0.291,0.193,"04","16",16918
"114",2016-04-28,4,5,0.288,0.192,"04","16",16919
"115",2016-04-29,4,5,0.287,0.192,"04","16",16920
"116",2016-04-30,4,5,0.292,0.197,"04","16",16921
"117",2016-05-01,4,5,0.339,0.202,"05","16",16922
"118",2016-05-02,4,5,0.305,0.192,"05","16",16923
"119",2016-05-03,4,5,0.302,0.19,"05","16",16924
"120",2016-05-04,4,5,0.292,0.184,"05","16",16925
"121",2016-05-05,4,5,0.288,0.183,"05","16",16926
"122",2016-05-06,4,5,0.286,0.182,"05","16",16927
"123",2016-05-07,4,5,0.286,0.18,"05","16",16928
"124",2016-05-08,4,5,0.284,0.182,"05","16",16929
"125",2016-05-09,4,5,0.284,0.181,"05","16",16930
"126",2016-05-10,4,5,0.282,0.18,"05","16",16931
"127",2016-05-11,4,5,0.282,0.179,"05","16",16932
"128",2016-05-12,4,5,0.286,0.184,"05","16",16933
"129",2016-05-13,4,5,0.284,0.181,"05","16",16934
"130",2016-05-14,5,6,0.278,0.176,"05","16",16935
"131",2016-05-15,5,6,0.276,0.174,"05","16",16936
"132",2016-05-16,5,6,0.273,0.171,"05","16",16937
"133",2016-05-17,5,6,0.288,0.179,"05","16",16938
"134",2016-05-18,5,6,0.282,0.176,"05","16",16939
"135",2016-05-19,5,6,0.282,0.177,"05","16",16940
"136",2016-05-20,5,6,0.29,0.178,"05","16",16941
"137",2016-05-21,5,6,0.296,0.18,"05","16",16942
"138",2016-05-22,5,6,0.284,0.175,"05","16",16943
"139",2016-05-23,5,6,0.277,0.173,"05","16",16944
"140",2016-05-24,5,6,0.275,0.171,"05","16",16945
"141",2016-05-25,5,6,0.274,0.171,"05","16",16946
"142",2016-05-26,5,6,0.273,0.172,"05","16",16947
"143",2016-05-27,5,6,0.272,0.173,"05","16",16948
"144",2016-05-28,5,6,0.27,0.168,"05","16",16949
"145",2016-05-29,5,6,0.274,0.173,"05","16",16950
"146",2016-05-30,5,6,0.282,0.176,"05","16",16951
"147",2016-05-31,5,6,0.28,0.178,"05","16",16952
"148",2016-06-01,5,6,0.271,0.181,"06","16",16953
"149",2016-06-02,5,6,0.278,0.186,"06","16",16954
"150",2016-06-03,5,6,0.277,0.185,"06","16",16955
"151",2016-06-04,5,6,0.274,0.189,"06","16",16956
"152",2016-06-05,5,6,0.274,0.195,"06","16",16957
"153",2016-06-06,5,6,0.305,0.203,"06","16",16958
"154",2016-06-07,5,6,0.286,0.195,"06","16",16959
"155",2016-06-08,5,6,0.27,0.188,"06","16",16960
"156",2016-06-09,5,6,0.267,0.188,"06","16",16961
"157",2016-06-10,5,6,0.267,0.187,"06","16",16962
"158",2016-06-11,5,6,0.264,0.184,"06","16",16963
"159",2016-06-12,5,6,0.263,0.182,"06","16",16964
"160",2016-06-13,5,6,0.261,0.182,"06","16",16965
"161",2016-06-14,5,6,0.26,0.182,"06","16",16966
"162",2016-06-15,5,6,0.26,0.18,"06","16",16967
"163",2016-06-16,5,6,0.258,0.177,"06","16",16968
"164",2016-06-17,5,6,0.254,0.176,"06","16",16969
"165",2016-06-18,5,6,0.251,0.174,"06","16",16970
"166",2016-06-19,5,6,0.251,0.172,"06","16",16971
"167",2016-06-20,5,6,0.25,0.171,"06","16",16972
"168",2016-06-21,5,6,0.25,0.172,"06","16",16973
"169",2016-06-22,5,6,0.249,0.171,"06","16",16974
"170",2016-06-23,5,6,0.247,0.17,"06","16",16975
"171",2016-06-24,5,6,0.243,0.167,"06","16",16976
"172",2016-06-25,5,6,0.242,0.165,"06","16",16977
"173",2016-06-26,5,6,0.244,0.166,"06","16",16978
"174",2016-06-27,5,6,0.246,0.171,"06","16",16979
"175",2016-06-28,5,6,0.252,0.176,"06","16",16980
"176",2016-06-29,5,6,0.246,0.169,"06","16",16981
"177",2016-06-30,5,6,0.25,0.167,"06","16",16982
"178",2016-07-01,5,6,0.25,0.169,"07","16",16983
"179",2016-07-02,5,6,0.243,0.166,"07","16",16984
"180",2016-07-03,5,6,0.241,0.166,"07","16",16985
"181",2016-07-04,5,6,0.24,0.166,"07","16",16986
"182",2016-07-05,5,6,0.238,0.165,"07","16",16987
"183",2016-07-06,5,6,0.237,0.162,"07","16",16988
"184",2016-07-07,5,6,0.244,0.173,"07","16",16989
"185",2016-07-08,5,6,0.244,0.171,"07","16",16990
"186",2016-07-09,6,7,0.241,0.17,"07","16",16991
"187",2016-07-10,6,7,0.24,0.169,"07","16",16992
"188",2016-07-11,6,7,0.244,0.173,"07","16",16993
"189",2016-07-12,6,7,0.247,0.177,"07","16",16994
"190",2016-07-13,6,7,0.24,0.17,"07","16",16995
"191",2016-07-14,6,7,0.239,0.17,"07","16",16996
"192",2016-07-15,6,7,0.241,0.172,"07","16",16997
"193",2016-07-16,6,7,0.254,0.176,"07","16",16998
"194",2016-07-17,6,7,0.246,0.174,"07","16",16999
"195",2016-07-18,6,7,0.245,0.174,"07","16",17000
"196",2016-07-19,6,7,0.244,0.171,"07","16",17001
"197",2016-07-20,6,7,0.24,0.166,"07","16",17002
"198",2016-07-21,6,7,0.238,0.164,"07","16",17003
"199",2016-07-22,6,7,0.238,0.163,"07","16",17004
"200",2016-07-23,6,7,0.24,0.163,"07","16",17005
"201",2016-07-24,6,7,0.241,0.164,"07","16",17006
"202",2016-07-25,6,7,0.247,0.164,"07","16",17007
"203",2016-07-26,6,7,0.297,0.168,"07","16",17008
"204",2016-07-27,6,7,0.251,0.162,"07","16",17009
"205",2016-07-28,6,7,0.246,0.157,"07","16",17010
"206",2016-07-29,6,7,0.244,0.158,"07","16",17011
"207",2016-07-30,6,7,0.247,0.158,"07","16",17012
"208",2016-07-31,6,7,0.247,0.154,"07","16",17013
"209",2016-08-01,6,7,0.244,0.155,"08","16",17014
"210",2016-08-02,6,7,0.273,0.181,"08","16",17015
"211",2016-08-03,6,7,0.257,0.175,"08","16",17016
"212",2016-08-04,6,7,0.282,0.183,"08","16",17017
"213",2016-08-05,6,7,0.266,0.178,"08","16",17018
"214",2016-08-06,6,7,0.255,0.174,"08","16",17019
"215",2016-08-07,6,7,0.258,0.18,"08","16",17020
"216",2016-08-08,6,7,0.276,0.187,"08","16",17021
"217",2016-08-09,6,7,0.282,0.185,"08","16",17022
"218",2016-08-10,6,7,0.267,0.176,"08","16",17023
"219",2016-08-11,6,7,0.265,0.179,"08","16",17024
"220",2016-08-12,6,7,0.28,0.181,"08","16",17025
"221",2016-08-13,6,7,0.265,0.173,"08","16",17026
"222",2016-08-14,6,7,0.257,0.169,"08","16",17027
"223",2016-08-15,6,7,0.253,0.167,"08","16",17028
"224",2016-08-16,6,7,0.251,0.167,"08","16",17029
"225",2016-08-17,6,7,0.251,0.166,"08","16",17030
"226",2016-08-18,6,7,0.272,0.168,"08","16",17031
"227",2016-08-19,6,7,0.257,0.171,"08","16",17032
"228",2016-08-20,6,7,0.263,0.174,"08","16",17033
"229",2016-08-21,6,7,0.264,0.174,"08","16",17034
"230",2016-08-22,6,7,0.255,0.169,"08","16",17035
"231",2016-08-23,6,7,0.251,0.164,"08","16",17036
"232",2016-08-24,6,7,0.328,0.188,"08","16",17037
"233",2016-08-25,6,7,0.279,0.173,"08","16",17038
"234",2016-08-26,6,7,0.264,0.17,"08","16",17039
"235",2016-08-27,6,7,0.265,0.168,"08","16",17040
"236",2016-08-28,6,7,0.273,0.167,"08","16",17041
"237",2016-08-29,6,7,0.258,0.164,"08","16",17042
"238",2016-08-30,6,7,0.253,0.163,"08","16",17043
"239",2016-08-31,6,7,0.253,0.163,"08","16",17044
"240",2016-09-01,6,7,0.251,0.164,"09","16",17045
"241",2016-09-02,6,7,0.251,0.166,"09","16",17046
"242",2016-09-03,6,7,0.249,0.164,"09","16",17047
"243",2016-09-04,6,7,0.247,0.162,"09","16",17048
"244",2016-09-05,6,7,0.247,0.164,"09","16",17049
"245",2016-09-06,6,7,0.244,0.162,"09","16",17050
"246",2016-09-07,6,7,0.242,0.161,"09","16",17051
"247",2016-09-08,6,7,0.242,0.161,"09","16",17052
"248",2016-09-09,6,7,0.239,0.159,"09","16",17053
"249",2016-09-10,6,7,0.236,0.158,"09","16",17054
"250",2016-09-11,6,7,0.236,0.161,"09","16",17055
"251",2016-09-12,6,7,0.236,0.16,"09","16",17056
"252",2016-09-13,7,8,0.235,0.159,"09","16",17057
"253",2016-09-14,7,8,0.233,0.157,"09","16",17058
"254",2016-09-15,7,8,0.232,0.156,"09","16",17059
"255",2016-09-16,7,8,0.232,0.156,"09","16",17060
"256",2016-09-17,7,8,0.23,0.156,"09","16",17061
"257",2016-09-18,7,8,0.231,0.16,"09","16",17062
"258",2016-09-19,7,8,0.233,0.161,"09","16",17063
"259",2016-09-20,7,8,0.228,0.156,"09","16",17064
"260",2016-09-21,7,8,0.226,0.154,"09","16",17065
"261",2016-09-22,7,8,0.224,0.158,"09","16",17066
"262",2016-09-23,7,8,0.226,0.161,"09","16",17067
"263",2016-09-24,7,8,0.223,0.162,"09","16",17068
"264",2016-09-25,7,8,0.223,0.165,"09","16",17069
"265",2016-09-26,7,8,0.231,0.177,"09","16",17070
"266",2016-09-27,7,8,0.249,0.183,"09","16",17071
"267",2016-09-28,7,8,0.24,0.176,"09","16",17072
"268",2016-09-29,7,8,0.235,0.17,"09","16",17073
"269",2016-09-30,7,8,0.234,0.167,"09","16",17074
"270",2016-10-01,7,8,0.235,0.167,"10","16",17075
"271",2016-10-02,7,8,0.235,0.168,"10","16",17076
"272",2016-10-03,7,8,0.235,0.168,"10","16",17077
"273",2016-10-04,7,8,0.232,0.165,"10","16",17078
"274",2016-10-05,7,8,0.23,0.166,"10","16",17079
"275",2016-10-06,7,8,0.23,0.164,"10","16",17080
"276",2016-10-07,7,8,0.237,0.173,"10","16",17081
"277",2016-10-08,7,8,0.237,0.173,"10","16",17082
"278",2016-10-09,7,8,0.229,0.166,"10","16",17083
"279",2016-10-10,7,8,0.227,0.163,"10","16",17084
"280",2016-10-11,7,8,0.228,0.163,"10","16",17085
"281",2016-10-12,7,8,0.229,0.165,"10","16",17086
"282",2016-10-13,7,8,0.229,0.165,"10","16",17087
"283",2016-10-14,7,8,0.23,0.166,"10","16",17088
"284",2016-10-15,7,8,0.228,0.168,"10","16",17089
"285",2016-10-16,7,8,0.229,0.169,"10","16",17090
"286",2016-10-17,7,8,0.228,0.17,"10","16",17091
"287",2016-10-18,7,8,0.228,0.169,"10","16",17092
"288",2016-10-19,7,8,0.227,0.17,"10","16",17093
"289",2016-10-20,7,8,0.226,0.17,"10","16",17094
"290",2016-10-21,7,8,0.223,0.167,"10","16",17095
"291",2016-10-22,7,8,0.221,0.169,"10","16",17096
"292",2016-10-23,7,8,0.223,0.17,"10","16",17097
"293",2016-10-24,7,8,0.223,0.169,"10","16",17098
"294",2016-10-25,7,8,0.224,0.169,"10","16",17099
"295",2016-10-26,7,8,0.228,0.168,"10","16",17100
"296",2016-10-27,7,8,0.229,0.168,"10","16",17101
"297",2016-10-28,7,8,0.23,0.168,"10","16",17102
"298",2016-10-29,7,8,0.228,0.168,"10","16",17103
"299",2016-10-30,7,8,0.229,0.168,"10","16",17104
"300",2016-10-31,7,8,0.229,0.167,"10","16",17105
"301",2016-11-01,7,8,0.232,0.166,"11","16",17106
"302",2016-11-02,7,8,0.231,0.165,"11","16",17107
"303",2016-11-03,7,8,0.229,0.166,"11","16",17108
"304",2016-11-04,7,8,0.229,0.165,"11","16",17109
"305",2016-11-05,7,8,0.225,0.164,"11","16",17110
"306",2016-11-06,7,8,0.228,0.166,"11","16",17111
"307",2016-11-07,7,8,0.226,0.164,"11","16",17112
"308",2016-11-08,7,8,0.225,0.165,"11","16",17113
"309",2016-11-09,7,8,0.231,0.165,"11","16",17114
"310",2016-11-10,7,8,0.227,0.165,"11","16",17115
"311",2016-11-11,7,8,0.229,0.165,"11","16",17116
"312",2016-11-12,8,9,0.229,0.165,"11","16",17117
"313",2016-11-13,8,9,0.229,0.165,"11","16",17118
"314",2016-11-14,8,9,0.231,0.165,"11","16",17119
"315",2016-11-15,8,9,0.23,0.165,"11","16",17120
"316",2016-11-16,8,9,0.231,0.165,"11","16",17121
"317",2016-11-17,8,9,0.231,0.165,"11","16",17122
"318",2016-11-18,8,9,0.232,0.165,"11","16",17123
"319",2016-11-19,8,9,0.232,0.165,"11","16",17124
"320",2016-11-20,8,9,0.232,0.165,"11","16",17125
"321",2016-11-21,8,9,0.233,0.166,"11","16",17126
"322",2016-11-22,8,9,0.234,0.166,"11","16",17127
"323",2016-11-23,8,9,0.234,0.165,"11","16",17128
"324",2016-11-24,8,9,0.236,0.164,"11","16",17129
"325",2016-11-25,8,9,0.236,0.165,"11","16",17130
"326",2016-11-26,8,9,0.234,0.193,"11","16",17131
"327",2016-11-27,8,9,0.232,0.19,"11","16",17132
"328",2016-11-28,8,9,0.234,0.181,"11","16",17133
"329",2016-11-29,8,9,0.317,0.17,"11","16",17134
"330",2016-11-30,8,9,0.307,0.167,"11","16",17135
"331",2016-12-01,8,9,0.281,0.174,"12","16",17136
"332",2016-12-02,8,9,0.249,0.178,"12","16",17137
"333",2016-12-03,8,9,0.241,0.181,"12","16",17138
"334",2016-12-04,8,9,0.261,0.176,"12","16",17139
"335",2016-12-05,8,9,0.272,0.17,"12","16",17140
"336",2016-12-06,8,9,0.283,0.166,"12","16",17141
"337",2016-12-07,8,9,0.267,0.165,"12","16",17142
"338",2016-12-08,8,9,0.25,0.164,"12","16",17143
"339",2016-12-09,8,9,0.238,0.166,"12","16",17144
"340",2016-12-10,8,9,0.234,0.166,"12","16",17145
"341",2016-12-11,8,9,0.233,0.166,"12","16",17146
"342",2016-12-12,8,9,0.238,0.164,"12","16",17147
"343",2016-12-13,8,9,0.239,0.162,"12","16",17148
"344",2016-12-14,8,9,0.239,0.163,"12","16",17149
"345",2016-12-15,8,9,0.233,0.165,"12","16",17150
"346",2016-12-16,8,9,0.227,0.164,"12","16",17151
"347",2016-12-17,8,9,0.231,0.163,"12","16",17152
"348",2016-12-18,8,9,0.237,0.162,"12","16",17153
"349",2016-12-19,8,9,0.232,0.163,"12","16",17154
"350",2016-12-20,8,9,0.229,0.162,"12","16",17155
"351",2016-12-21,8,9,0.228,0.164,"12","16",17156
"352",2016-12-22,8,9,0.231,0.163,"12","16",17157
"353",2016-12-23,8,9,0.228,0.164,"12","16",17158
"354",2016-12-24,8,9,0.232,0.164,"12","16",17159
"355",2016-12-25,8,9,0.23,0.164,"12","16",17160
"356",2016-12-26,8,9,0.232,0.176,"12","16",17161
"357",2016-12-27,8,9,0.234,0.166,"12","16",17162
"358",2016-12-28,8,9,0.232,0.164,"12","16",17163
"359",2016-12-29,8,9,0.269,0.167,"12","16",17164
"360",2016-12-30,8,9,0.239,0.18,"12","16",17165
"361",2016-12-31,8,9,0.232,0.196,"12","16",17166
"362",2017-01-01,8,9,0.243,0.179,"01","17",17167
"363",2017-01-02,8,9,0.281,0.173,"01","17",17168
"364",2017-01-03,8,9,0.327,0.172,"01","17",17169
"365",2017-01-04,8,9,0.276,0.173,"01","17",17170
"366",2017-01-05,8,9,0.259,0.17,"01","17",17171
"367",2017-01-06,8,9,0.255,0.169,"01","17",17172
"368",2017-01-07,9,10,0.259,0.168,"01","17",17173
"369",2017-01-08,9,10,0.252,0.17,"01","17",17174
"370",2017-01-09,9,10,0.248,0.17,"01","17",17175
"371",2017-01-10,9,10,0.246,0.169,"01","17",17176
"372",2017-01-11,9,10,0.25,0.168,"01","17",17177
"373",2017-01-12,9,10,0.251,0.169,"01","17",17178
"374",2017-01-13,9,10,0.249,0.168,"01","17",17179
"375",2017-01-14,9,10,0.246,0.169,"01","17",17180
"376",2017-01-15,9,10,0.248,0.168,"01","17",17181
"377",2017-01-16,9,10,0.245,0.167,"01","17",17182
"378",2017-01-17,9,10,0.247,0.171,"01","17",17183
"379",2017-01-18,9,10,0.244,0.19,"01","17",17184
"380",2017-01-19,9,10,0.242,0.202,"01","17",17185
"381",2017-01-20,9,10,0.253,0.209,"01","17",17186
"382",2017-01-21,9,10,0.31,0.188,"01","17",17187
"383",2017-01-22,9,10,0.344,0.181,"01","17",17188
"384",2017-01-23,9,10,0.366,0.178,"01","17",17189
"385",2017-01-24,9,10,0.304,0.173,"01","17",17190
"386",2017-01-25,9,10,0.282,0.171,"01","17",17191
"387",2017-01-26,9,10,0.273,0.169,"01","17",17192
"388",2017-01-27,9,10,0.26,0.168,"01","17",17193
"389",2017-01-28,9,10,0.253,0.169,"01","17",17194
"390",2017-01-29,9,10,0.248,0.169,"01","17",17195
"391",2017-01-30,9,10,0.246,0.169,"01","17",17196
"392",2017-01-31,9,10,0.247,0.168,"01","17",17197
"393",2017-02-01,9,10,0.248,0.165,"02","17",17198
"394",2017-02-02,9,10,0.247,0.165,"02","17",17199
"395",2017-02-03,9,10,0.246,0.166,"02","17",17200
"396",2017-02-04,9,10,0.237,0.168,"02","17",17201
"397",2017-02-05,9,10,0.237,0.172,"02","17",17202
"398",2017-02-06,9,10,0.238,0.171,"02","17",17203
"399",2017-02-07,9,10,0.245,0.166,"02","17",17204
"400",2017-02-08,9,10,0.257,0.167,"02","17",17205
"401",2017-02-09,9,10,0.255,0.168,"02","17",17206
"402",2017-02-10,9,10,0.24,0.166,"02","17",17207
"403",2017-02-11,9,10,0.241,0.165,"02","17",17208
"404",2017-02-12,9,10,0.245,0.171,"02","17",17209
"405",2017-02-13,9,10,0.239,0.168,"02","17",17210
"406",2017-02-14,9,10,0.237,0.167,"02","17",17211
"407",2017-02-15,9,10,0.255,0.167,"02","17",17212
"408",2017-02-16,9,10,0.244,0.166,"02","17",17213
"409",2017-02-17,9,10,0.241,0.165,"02","17",17214
"410",2017-02-18,9,10,0.241,0.165,"02","17",17215
"411",2017-02-19,9,10,0.24,0.167,"02","17",17216
"412",2017-02-20,9,10,0.237,0.166,"02","17",17217
"413",2017-02-21,9,10,0.237,0.165,"02","17",17218
"414",2017-02-22,9,10,0.243,0.165,"02","17",17219
"415",2017-02-23,9,10,0.239,0.163,"02","17",17220
"416",2017-02-24,9,10,0.237,0.163,"02","17",17221
"417",2017-02-25,9,10,0.236,0.164,"02","17",17222
"418",2017-02-26,9,10,0.229,0.167,"02","17",17223
"419",2017-02-27,9,10,0.229,0.168,"02","17",17224
"420",2017-02-28,9,10,0.234,0.164,"02","17",17225
"421",2017-03-01,9,10,0.242,0.164,"03","17",17226
"422",2017-03-02,9,10,0.246,0.165,"03","17",17227
"423",2017-03-03,9,10,0.234,0.165,"03","17",17228
"424",2017-03-04,9,10,0.233,0.165,"03","17",17229
"425",2017-03-05,9,10,0.237,0.167,"03","17",17230
"426",2017-03-06,9,10,0.235,0.163,"03","17",17231
"427",2017-03-07,9,10,0.237,0.167,"03","17",17232
"428",2017-03-08,9,10,0.242,0.164,"03","17",17233
"429",2017-03-09,9,10,0.231,0.169,"03","17",17234
"430",2017-03-10,9,10,0.242,0.167,"03","17",17235
"431",2017-03-11,10,11,0.232,0.168,"03","17",17236
"432",2017-03-12,10,11,0.248,0.165,"03","17",17237
"433",2017-03-13,10,11,0.241,0.165,"03","17",17238
"434",2017-03-14,10,11,0.244,0.166,"03","17",17239
"435",2017-03-15,10,11,0.236,0.166,"03","17",17240
"436",2017-03-16,10,11,0.235,0.165,"03","17",17241
"437",2017-03-17,10,11,0.238,0.165,"03","17",17242
"438",2017-03-18,10,11,0.239,0.17,"03","17",17243
"439",2017-03-19,10,11,0.235,0.176,"03","17",17244
"440",2017-03-20,10,11,0.235,0.168,"03","17",17245
"441",2017-03-21,10,11,0.25,0.168,"03","17",17246
"442",2017-03-22,10,11,0.268,0.167,"03","17",17247
"443",2017-03-23,10,11,0.246,0.17,"03","17",17248
"444",2017-03-24,10,11,0.245,0.168,"03","17",17249
"445",2017-03-25,10,11,0.243,0.174,"03","17",17250
"446",2017-03-26,10,11,0.251,0.169,"03","17",17251
"447",2017-03-27,10,11,0.245,0.168,"03","17",17252
"448",2017-03-28,10,11,0.261,0.171,"03","17",17253
"449",2017-03-29,10,11,0.248,0.168,"03","17",17254
"450",2017-03-30,10,11,0.244,0.169,"03","17",17255
"451",2017-03-31,10,11,0.254,0.193,"03","17",17256
"452",2017-04-01,10,11,0.246,0.188,"04","17",17257
"453",2017-04-02,10,11,0.248,0.196,"04","17",17258
"454",2017-04-03,10,11,0.319,0.22,"04","17",17259
"455",2017-04-04,10,11,0.302,0.196,"04","17",17260
"456",2017-04-05,10,11,0.328,0.181,"04","17",17261
"457",2017-04-06,10,11,0.397,0.176,"04","17",17262
"458",2017-04-07,10,11,0.326,0.174,"04","17",17263
"459",2017-04-08,10,11,0.283,0.172,"04","17",17264
"460",2017-04-09,10,11,0.268,0.172,"04","17",17265
"461",2017-04-10,10,11,0.263,0.171,"04","17",17266
"462",2017-04-11,10,11,0.258,0.17,"04","17",17267
"463",2017-04-12,10,11,0.256,0.171,"04","17",17268
"464",2017-04-13,10,11,0.254,0.169,"04","17",17269
"465",2017-04-14,10,11,0.252,0.168,"04","17",17270
"466",2017-04-15,10,11,0.247,0.169,"04","17",17271
"467",2017-04-16,10,11,0.245,0.169,"04","17",17272
"468",2017-04-17,10,11,0.248,0.174,"04","17",17273
"469",2017-04-18,10,11,0.261,0.18,"04","17",17274
"470",2017-04-19,10,11,0.293,0.192,"04","17",17275
"471",2017-04-20,10,11,0.264,0.18,"04","17",17276
"472",2017-04-21,10,11,0.253,0.176,"04","17",17277
"473",2017-04-22,10,11,0.248,0.174,"04","17",17278
"474",2017-04-23,10,11,0.33,0.21,"04","17",17279
"475",2017-04-24,10,11,0.544,0.282,"04","17",17280
"476",2017-04-25,10,11,0.355,0.212,"04","17",17281
"477",2017-04-26,10,11,0.31,0.195,"04","17",17282
"478",2017-04-27,10,11,0.29,0.19,"04","17",17283
"479",2017-04-28,10,11,0.282,0.187,"04","17",17284
"480",2017-04-29,10,11,0.272,0.189,"04","17",17285
"481",2017-04-30,10,11,0.267,0.204,"04","17",17286
"482",2017-05-01,10,11,0.282,0.235,"05","17",17287
"483",2017-05-02,10,11,0.268,0.208,"05","17",17288
"484",2017-05-03,10,11,0.258,0.2,"05","17",17289
"485",2017-05-04,10,11,0.31,0.207,"05","17",17290
"486",2017-05-05,10,11,0.384,0.228,"05","17",17291
"487",2017-05-06,10,11,0.305,0.198,"05","17",17292
"488",2017-05-07,10,11,0.283,0.19,"05","17",17293
"489",2017-05-08,10,11,0.271,0.185,"05","17",17294
"490",2017-05-09,10,11,0.267,0.189,"05","17",17295
"491",2017-05-10,10,11,0.26,0.192,"05","17",17296
"492",2017-05-11,10,11,0.257,0.2,"05","17",17297
"493",2017-05-12,10,11,0.256,0.229,"05","17",17298
"494",2017-05-13,10,11,0.261,0.236,"05","17",17299
"495",2017-05-14,10,11,0.255,0.223,"05","17",17300
"496",2017-05-15,11,12,0.249,0.22,"05","17",17301
"497",2017-05-16,11,12,0.248,0.215,"05","17",17302
"498",2017-05-17,11,12,0.246,0.213,"05","17",17303
"499",2017-05-18,11,12,0.246,0.222,"05","17",17304
"500",2017-05-19,11,12,0.242,0.218,"05","17",17305
"501",2017-05-20,11,12,0.239,0.208,"05","17",17306
"502",2017-05-21,11,12,0.417,0.249,"05","17",17307
"503",2017-05-22,11,12,0.311,0.227,"05","17",17308
"504",2017-05-23,11,12,0.311,0.236,"05","17",17309
"505",2017-05-24,11,12,0.327,0.251,"05","17",17310
"506",2017-05-25,11,12,0.315,0.208,"05","17",17311
"507",2017-05-26,11,12,0.287,0.181,"05","17",17312
"508",2017-05-27,11,12,0.275,0.176,"05","17",17313
"509",2017-05-28,11,12,0.271,0.176,"05","17",17314
"510",2017-05-29,11,12,0.266,0.172,"05","17",17315
"511",2017-05-30,11,12,0.267,0.171,"05","17",17316
"512",2017-05-31,11,12,0.26,0.17,"05","17",17317
"513",2017-06-01,11,12,0.263,0.168,"06","17",17318
"514",2017-06-02,11,12,0.255,0.166,"06","17",17319
"515",2017-06-03,11,12,0.251,0.163,"06","17",17320
"516",2017-06-04,11,12,0.25,0.165,"06","17",17321
"517",2017-06-05,11,12,0.262,0.171,"06","17",17322
"518",2017-06-06,11,12,0.255,0.166,"06","17",17323
"519",2017-06-07,11,12,0.247,0.162,"06","17",17324
"520",2017-06-08,11,12,0.245,0.161,"06","17",17325
"521",2017-06-09,11,12,0.245,0.16,"06","17",17326
"522",2017-06-10,11,12,0.242,0.16,"06","17",17327
"523",2017-06-11,11,12,0.24,0.159,"06","17",17328
"524",2017-06-12,11,12,0.24,0.159,"06","17",17329
"525",2017-06-13,11,12,0.257,0.178,"06","17",17330
"526",2017-06-14,11,12,0.247,0.174,"06","17",17331
"527",2017-06-15,11,12,0.241,0.166,"06","17",17332
"528",2017-06-16,11,12,0.241,0.165,"06","17",17333
"529",2017-06-17,11,12,0.241,0.164,"06","17",17334
"530",2017-06-18,11,12,0.24,0.163,"06","17",17335
"531",2017-06-19,11,12,0.24,0.162,"06","17",17336
"532",2017-06-20,11,12,0.238,0.161,"06","17",17337
"533",2017-06-21,11,12,0.242,0.162,"06","17",17338
"534",2017-06-22,11,12,0.246,0.165,"06","17",17339
"535",2017-06-23,11,12,0.25,0.167,"06","17",17340
"536",2017-06-24,11,12,0.251,0.168,"06","17",17341
"537",2017-06-25,11,12,0.251,0.167,"06","17",17342
"538",2017-06-26,11,12,0.242,0.161,"06","17",17343
"539",2017-06-27,11,12,0.236,0.156,"06","17",17344
"540",2017-06-28,11,12,0.234,0.154,"06","17",17345
"541",2017-06-29,11,12,0.234,0.157,"06","17",17346
"542",2017-06-30,11,12,0.291,0.186,"06","17",17347
"543",2017-07-01,11,12,0.261,0.172,"07","17",17348
"544",2017-07-02,11,12,0.246,0.164,"07","17",17349
"545",2017-07-03,11,12,0.243,0.163,"07","17",17350
"546",2017-07-04,11,12,0.255,0.165,"07","17",17351
"547",2017-07-05,11,12,0.249,0.163,"07","17",17352
"548",2017-07-06,11,12,0.243,0.161,"07","17",17353
"549",2017-07-07,11,12,0.239,0.16,"07","17",17354
"550",2017-07-08,12,13,0.245,0.159,"07","17",17355
"551",2017-07-09,12,13,0.243,0.158,"07","17",17356
"552",2017-07-10,12,13,0.238,0.157,"07","17",17357
"553",2017-07-11,12,13,0.235,0.155,"07","17",17358
"554",2017-07-12,12,13,0.233,0.153,"07","17",17359
"555",2017-07-13,12,13,0.231,0.152,"07","17",17360
"556",2017-07-14,12,13,0.27,0.154,"07","17",17361
"557",2017-07-15,12,13,0.283,0.16,"07","17",17362
"558",2017-07-16,12,13,0.246,0.162,"07","17",17363
"559",2017-07-17,12,13,0.241,0.163,"07","17",17364
"560",2017-07-18,12,13,0.236,0.156,"07","17",17365
"561",2017-07-19,12,13,0.233,0.154,"07","17",17366
"562",2017-07-20,12,13,0.231,0.154,"07","17",17367
"563",2017-07-21,12,13,0.227,0.152,"07","17",17368
"564",2017-07-22,12,13,0.224,0.151,"07","17",17369
"565",2017-07-23,12,13,0.235,0.174,"07","17",17370
"566",2017-07-24,12,13,0.23,0.164,"07","17",17371
"567",2017-07-25,12,13,0.226,0.157,"07","17",17372
"568",2017-07-26,12,13,0.222,0.153,"07","17",17373
"569",2017-07-27,12,13,0.222,0.153,"07","17",17374
"570",2017-07-28,12,13,0.222,0.154,"07","17",17375
"571",2017-07-29,12,13,0.221,0.153,"07","17",17376
"572",2017-07-30,12,13,0.214,0.15,"07","17",17377
"573",2017-07-31,12,13,0.212,0.147,"07","17",17378
"574",2017-08-01,12,13,0.212,0.147,"08","17",17379
"575",2017-08-02,12,13,0.215,0.149,"08","17",17380
"576",2017-08-03,12,13,0.213,0.148,"08","17",17381
"577",2017-08-04,12,13,0.212,0.148,"08","17",17382
"578",2017-08-05,12,13,0.209,0.147,"08","17",17383
"579",2017-08-06,12,13,0.204,0.145,"08","17",17384
"580",2017-08-07,12,13,0.264,0.165,"08","17",17385
"581",2017-08-08,12,13,0.239,0.158,"08","17",17386
"582",2017-08-09,12,13,0.228,0.155,"08","17",17387
"583",2017-08-10,12,13,0.226,0.155,"08","17",17388
"584",2017-08-11,12,13,0.262,0.175,"08","17",17389
"585",2017-08-12,12,13,0.291,0.171,"08","17",17390
"586",2017-08-13,12,13,0.239,0.158,"08","17",17391
"587",2017-08-14,12,13,0.233,0.156,"08","17",17392
"588",2017-08-15,12,13,0.231,0.158,"08","17",17393
"589",2017-08-16,12,13,0.225,0.154,"08","17",17394
"590",2017-08-17,12,13,0.222,0.154,"08","17",17395
"591",2017-08-18,12,13,0.221,0.152,"08","17",17396
"592",2017-08-19,12,13,0.219,0.15,"08","17",17397
"593",2017-08-20,12,13,0.219,0.15,"08","17",17398
"594",2017-08-21,12,13,0.218,0.15,"08","17",17399
"595",2017-08-22,12,13,0.216,0.15,"08","17",17400
"596",2017-08-23,12,13,0.213,0.149,"08","17",17401
"597",2017-08-24,12,13,0.212,0.147,"08","17",17402
"598",2017-08-25,12,13,0.21,0.145,"08","17",17403
"599",2017-08-26,12,13,0.207,0.144,"08","17",17404
"600",2017-08-27,12,13,0.206,0.146,"08","17",17405
"601",2017-08-28,12,13,0.204,0.144,"08","17",17406
"602",2017-08-29,12,13,0.209,0.148,"08","17",17407
"603",2017-08-30,12,13,0.211,0.15,"08","17",17408
"604",2017-08-31,12,13,0.247,0.166,"08","17",17409
"605",2017-09-01,12,13,0.255,0.165,"09","17",17410
"606",2017-09-02,12,13,0.231,0.155,"09","17",17411
"607",2017-09-03,12,13,0.221,0.152,"09","17",17412
"608",2017-09-04,12,13,0.218,0.149,"09","17",17413
"609",2017-09-05,12,13,0.221,0.153,"09","17",17414
"610",2017-09-06,12,13,0.259,0.165,"09","17",17415
"611",2017-09-07,12,13,0.235,0.154,"09","17",17416
"612",2017-09-08,12,13,0.223,0.15,"09","17",17417
"613",2017-09-09,12,13,0.219,0.149,"09","17",17418
"614",2017-09-10,12,13,0.217,0.15,"09","17",17419
"615",2017-09-11,12,13,0.235,0.164,"09","17",17420
"616",2017-09-12,12,13,0.293,0.185,"09","17",17421
"617",2017-09-13,12,13,0.251,0.17,"09","17",17422
"618",2017-09-14,13,14,0.237,0.168,"09","17",17423
"619",2017-09-15,13,14,0.232,0.165,"09","17",17424
"620",2017-09-16,13,14,0.228,0.164,"09","17",17425
"621",2017-09-17,13,14,0.225,0.164,"09","17",17426
"622",2017-09-18,13,14,0.224,0.164,"09","17",17427
"623",2017-09-19,13,14,0.222,0.162,"09","17",17428
"624",2017-09-20,13,14,0.221,0.163,"09","17",17429
"625",2017-09-21,13,14,0.221,0.171,"09","17",17430
"626",2017-09-22,13,14,0.222,0.172,"09","17",17431
"627",2017-09-23,13,14,0.219,0.17,"09","17",17432
"628",2017-09-24,13,14,0.217,0.168,"09","17",17433
"629",2017-09-25,13,14,0.217,0.17,"09","17",17434
"630",2017-09-26,13,14,0.217,0.181,"09","17",17435
"631",2017-09-27,13,14,0.217,0.212,"09","17",17436
"632",2017-09-28,13,14,0.214,0.209,"09","17",17437
"633",2017-09-29,13,14,0.213,0.204,"09","17",17438
"634",2017-09-30,13,14,0.212,0.195,"09","17",17439
"635",2017-10-01,13,14,0.208,0.168,"10","17",17440
"636",2017-10-02,13,14,0.209,0.163,"10","17",17441
"637",2017-10-03,13,14,0.21,0.165,"10","17",17442
"638",2017-10-04,13,14,0.21,0.164,"10","17",17443
"639",2017-10-05,13,14,0.21,0.166,"10","17",17444
"640",2017-10-06,13,14,0.21,0.165,"10","17",17445
"641",2017-10-07,13,14,0.211,0.167,"10","17",17446
"642",2017-10-08,13,14,0.294,0.207,"10","17",17447
"643",2017-10-09,13,14,0.314,0.204,"10","17",17448
"644",2017-10-10,13,14,0.25,0.199,"10","17",17449
"645",2017-10-11,13,14,0.238,0.212,"10","17",17450
"646",2017-10-12,13,14,0.23,0.184,"10","17",17451
"647",2017-10-13,13,14,0.228,0.184,"10","17",17452
"648",2017-10-14,13,14,0.227,0.185,"10","17",17453
"649",2017-10-15,13,14,0.225,0.184,"10","17",17454
"650",2017-10-16,13,14,0.227,0.183,"10","17",17455
"651",2017-10-17,13,14,0.219,0.176,"10","17",17456
"652",2017-10-18,13,14,0.219,0.176,"10","17",17457
"653",2017-10-19,13,14,0.219,0.177,"10","17",17458
"654",2017-10-20,13,14,0.219,0.181,"10","17",17459
"655",2017-10-21,13,14,0.219,0.18,"10","17",17460
"656",2017-10-22,13,14,0.221,0.182,"10","17",17461
"657",2017-10-23,13,14,0.45,0.282,"10","17",17462
"658",2017-10-24,13,14,0.31,0.196,"10","17",17463
"659",2017-10-25,13,14,0.268,0.171,"10","17",17464
"660",2017-10-26,13,14,0.251,0.164,"10","17",17465
"661",2017-10-27,13,14,0.242,0.165,"10","17",17466
"662",2017-10-28,13,14,0.258,0.181,"10","17",17467
"663",2017-10-29,13,14,0.312,0.197,"10","17",17468
"664",2017-10-30,13,14,0.261,0.175,"10","17",17469
"665",2017-10-31,13,14,0.25,0.171,"10","17",17470
"666",2017-11-01,13,14,0.247,0.169,"11","17",17471
"667",2017-11-02,13,14,0.245,0.169,"11","17",17472
"668",2017-11-03,13,14,0.241,0.168,"11","17",17473
"669",2017-11-04,13,14,0.24,0.171,"11","17",17474
"670",2017-11-05,13,14,0.24,0.17,"11","17",17475
"671",2017-11-06,13,14,0.238,0.169,"11","17",17476
"672",2017-11-07,14,15,0.239,0.171,"11","17",17477
"673",2017-11-08,14,15,0.238,0.17,"11","17",17478
"674",2017-11-09,14,15,0.242,0.174,"11","17",17479
"675",2017-11-10,14,15,0.237,0.169,"11","17",17480
"676",2017-11-11,14,15,0.232,0.167,"11","17",17481
"677",2017-11-12,14,15,0.233,0.168,"11","17",17482
"678",2017-11-13,14,15,0.236,0.17,"11","17",17483
"679",2017-11-14,14,15,0.234,0.168,"11","17",17484
"680",2017-11-15,14,15,0.232,0.169,"11","17",17485
"681",2017-11-16,14,15,0.23,0.166,"11","17",17486
"682",2017-11-17,14,15,0.228,0.165,"11","17",17487
"683",2017-11-18,14,15,0.233,0.169,"11","17",17488
"684",2017-11-19,14,15,0.233,0.17,"11","17",17489
"685",2017-11-20,14,15,0.227,0.165,"11","17",17490
"686",2017-11-21,14,15,0.229,0.17,"11","17",17491
"687",2017-11-22,14,15,0.23,0.17,"11","17",17492
"688",2017-11-23,14,15,0.226,0.159,"11","17",17493
"689",2017-11-24,14,15,0.227,0.158,"11","17",17494
"690",2017-11-25,14,15,0.229,0.16,"11","17",17495
"691",2017-11-26,14,15,0.228,0.158,"11","17",17496
"692",2017-11-27,14,15,0.23,0.155,"11","17",17497
"693",2017-11-28,14,15,0.228,0.156,"11","17",17498
"694",2017-11-29,14,15,0.23,0.163,"11","17",17499
"695",2017-11-30,14,15,0.233,0.166,"11","17",17500
"696",2017-12-01,14,15,0.234,0.168,"12","17",17501
"697",2017-12-02,14,15,0.232,0.167,"12","17",17502
"698",2017-12-03,14,15,0.231,0.166,"12","17",17503
"699",2017-12-04,14,15,0.23,0.169,"12","17",17504
"700",2017-12-05,14,15,0.236,0.172,"12","17",17505
"701",2017-12-06,14,15,0.248,0.176,"12","17",17506
"702",2017-12-07,14,15,0.238,0.17,"12","17",17507
"703",2017-12-08,14,15,0.244,0.176,"12","17",17508
"704",2017-12-09,14,15,0.26,0.181,"12","17",17509
"705",2017-12-10,14,15,0.248,0.172,"12","17",17510
"706",2017-12-11,14,15,0.241,0.171,"12","17",17511
"707",2017-12-12,14,15,0.24,0.172,"12","17",17512
"708",2017-12-13,14,15,0.235,0.17,"12","17",17513
"709",2017-12-14,14,15,0.237,0.175,"12","17",17514
"710",2017-12-15,14,15,0.235,0.175,"12","17",17515
"711",2017-12-16,14,15,0.233,0.17,"12","17",17516
"712",2017-12-17,14,15,0.234,0.172,"12","17",17517
"713",2017-12-18,14,15,0.237,0.175,"12","17",17518
"714",2017-12-19,14,15,0.236,0.173,"12","17",17519
"715",2017-12-20,14,15,0.31,0.209,"12","17",17520
"716",2017-12-21,14,15,0.291,0.192,"12","17",17521
"717",2017-12-22,14,15,0.267,0.181,"12","17",17522
"718",2017-12-23,14,15,0.26,0.179,"12","17",17523
"719",2017-12-24,14,15,0.254,0.173,"12","17",17524
"720",2017-12-25,14,15,0.245,0.166,"12","17",17525
"721",2017-12-26,14,15,0.239,0.162,"12","17",17526
"722",2017-12-27,14,15,0.239,0.161,"12","17",17527
"723",2017-12-28,14,15,0.237,0.159,"12","17",17528
"724",2017-12-29,14,15,0.236,0.16,"12","17",17529
"725",2017-12-30,14,15,0.237,0.161,"12","17",17530
"726",2017-12-31,14,15,0.235,0.158,"12","17",17531
"727",2018-01-01,14,15,0.232,0.155,"01","18",17532
"728",2018-01-02,14,15,0.227,0.15,"01","18",17533
"729",2018-01-03,14,15,0.232,0.155,"01","18",17534
"730",2018-01-04,14,15,0.232,0.155,"01","18",17535
"731",2018-01-05,14,15,0.23,0.151,"01","18",17536
"732",2018-01-06,14,15,0.229,0.15,"01","18",17537
"733",2018-01-07,14,15,0.227,0.148,"01","18",17538
"734",2018-01-08,14,15,0.231,0.153,"01","18",17539
"735",2018-01-09,14,15,0.235,0.158,"01","18",17540
"736",2018-01-10,14,15,0.238,0.161,"01","18",17541
"737",2018-01-11,14,15,0.275,0.182,"01","18",17542
"738",2018-01-12,14,15,0.401,0.23,"01","18",17543
"739",2018-01-13,14,15,0.354,0.201,"01","18",17544
"740",2018-01-14,14,15,0.281,0.177,"01","18",17545
"741",2018-01-15,14,15,0.264,0.168,"01","18",17546
"742",2018-01-16,14,15,0.259,0.167,"01","18",17547
"743",2018-01-17,14,15,0.256,0.165,"01","18",17548
"744",2018-01-18,14,15,0.247,0.159,"01","18",17549
"745",2018-01-19,15,16,0.248,0.16,"01","18",17550
"746",2018-01-20,15,16,0.247,0.159,"01","18",17551
"747",2018-01-21,15,16,0.248,0.162,"01","18",17552
"748",2018-01-22,15,16,0.249,0.164,"01","18",17553
"749",2018-01-23,15,16,0.275,0.174,"01","18",17554
"750",2018-01-24,15,16,0.253,0.161,"01","18",17555
"751",2018-01-25,15,16,0.249,0.16,"01","18",17556
"752",2018-01-26,15,16,0.245,0.159,"01","18",17557
"753",2018-01-27,15,16,0.246,0.162,"01","18",17558
"754",2018-01-28,15,16,0.3,0.178,"01","18",17559
"755",2018-01-29,15,16,0.288,0.181,"01","18",17560
"756",2018-01-30,15,16,0.264,0.169,"01","18",17561
"757",2018-01-31,15,16,0.255,0.163,"01","18",17562
"758",2018-02-01,15,16,0.254,0.164,"02","18",17563
"759",2018-02-02,15,16,0.251,0.163,"02","18",17564
"760",2018-02-03,15,16,0.245,0.158,"02","18",17565
"761",2018-02-04,15,16,0.384,0.225,"02","18",17566
"762",2018-02-05,15,16,0.319,0.196,"02","18",17567
"763",2018-02-06,15,16,0.29,0.18,"02","18",17568
"764",2018-02-07,15,16,0.536,0.285,"02","18",17569
"765",2018-02-08,15,16,0.389,0.221,"02","18",17570
"766",2018-02-09,15,16,0.315,0.193,"02","18",17571
"767",2018-02-10,15,16,0.314,0.193,"02","18",17572
"768",2018-02-11,15,16,0.477,0.253,"02","18",17573
"769",2018-02-12,15,16,0.413,0.226,"02","18",17574
"770",2018-02-13,15,16,0.335,0.2,"02","18",17575
"771",2018-02-14,15,16,0.309,0.19,"02","18",17576
"772",2018-02-15,15,16,0.301,0.188,"02","18",17577
"773",2018-02-16,15,16,0.313,0.186,"02","18",17578
"774",2018-02-17,15,16,0.308,0.183,"02","18",17579
"775",2018-02-18,15,16,0.293,0.18,"02","18",17580
"776",2018-02-19,15,16,0.291,0.184,"02","18",17581
"777",2018-02-20,15,16,0.284,0.18,"02","18",17582
"778",2018-02-21,15,16,0.281,0.18,"02","18",17583
"779",2018-02-22,15,16,0.288,0.182,"02","18",17584
"780",2018-02-23,15,16,0.279,0.18,"02","18",17585
"781",2018-02-24,15,16,0.278,0.179,"02","18",17586
"782",2018-02-25,15,16,0.276,0.179,"02","18",17587
"783",2018-02-26,15,16,0.283,0.176,"02","18",17588
"784",2018-02-27,15,16,0.275,0.171,"02","18",17589
"785",2018-02-28,15,16,0.285,0.181,"02","18",17590
"786",2018-03-01,15,16,0.406,0.244,"03","18",17591
"787",2018-03-02,15,16,0.34,0.206,"03","18",17592
"788",2018-03-03,15,16,0.305,0.188,"03","18",17593
"789",2018-03-04,15,16,0.296,0.181,"03","18",17594
"790",2018-03-05,NA,NA,0.288,0.176,"03","18",17595
"791",2018-03-06,NA,NA,0.302,0.182,"03","18",17596
"792",2018-03-07,NA,NA,0.291,0.174,"03","18",17597
"793",2018-03-08,NA,NA,0.28,0.17,"03","18",17598
"794",2018-03-09,NA,NA,0.276,0.168,"03","18",17599
"795",2018-03-10,NA,NA,0.289,0.172,"03","18",17600
"796",2018-03-11,NA,NA,0.29,0.175,"03","18",17601
"797",2018-03-12,NA,NA,0.307,0.185,"03","18",17602
"798",2018-03-13,NA,NA,0.304,0.175,"03","18",17603
"799",2018-03-14,NA,NA,0.292,0.171,"03","18",17604
"800",2018-03-15,NA,NA,0.281,0.169,"03","18",17605
"801",2018-03-16,NA,NA,0.284,0.172,"03","18",17606
"802",2018-03-17,NA,NA,0.28,0.174,"03","18",17607
"803",2018-03-18,NA,NA,0.283,0.175,"03","18",17608
"804",2018-03-19,NA,NA,0.285,0.175,"03","18",17609
"805",2018-03-20,NA,NA,0.37,0.207,"03","18",17610
"806",2018-03-21,NA,NA,0.3,0.18,"03","18",17611
"807",2018-03-22,NA,NA,0.292,0.174,"03","18",17612
"808",2018-03-23,NA,NA,0.284,0.17,"03","18",17613
